carla_index,label_x,label_y,primary_matched,has_counterpart,counterpart_source,is_unmatched_no_counterpart,unmatched_bucket,likely_true_miss,in_v2_bbox_plus_20m,dist_to_type1_v2_min_m,nearest_type1_lane_index,nearest_type1_lane_mapped,supplemental_lane_index,supplemental_lane_type,supplemental_quality,supplemental_score,supplemental_median_dist_m,supplemental_angle_median_deg
35,2.4417271313208793,-381.77807548691135,0,0,none,1,near_1m,1,1,0.016547925451816808,882,1,-1,,,,,
45,30.345774976249416,-398.1049216216768,0,0,none,1,near_1m,1,1,0.01996242249384955,865,1,-1,,,,,
462,-64.19284513776344,-364.08217896537053,0,0,none,1,near_1m,1,1,0.04977369177518275,708,1,-1,,,,,
660,-137.90872669022002,-227.76466093330518,0,0,none,1,near_1m,1,1,0.05101953564119681,242,1,-1,,,,,
98,43.71849183491747,57.38647931550772,0,0,none,1,near_1m,1,1,0.05707096408293787,946,1,-1,,,,,
692,22.66665265746557,-393.1086542709676,0,0,none,1,near_1m,1,1,0.06675079069332918,874,1,-1,,,,,
83,49.28973711702297,32.1242273247413,0,0,none,1,near_1m,1,1,0.1073573770378365,943,1,-1,,,,,
741,70.66050648744829,-538.0900321591047,0,0,none,1,near_1m,1,1,0.11323392796668966,959,1,-1,,,,,
394,54.23303407683517,27.173157543493243,0,0,none,1,near_1m,1,1,0.11357332242600623,945,1,-1,,,,,
591,73.03049106176528,26.648657975805634,0,0,none,1,near_1m,1,1,0.15196641376749961,932,1,-1,,,,,
365,55.11341088549359,57.67475017149383,0,0,none,1,near_1m,1,1,0.15644731291020875,952,1,-1,,,,,
2,-138.7538281303243,-157.14071996625233,0,0,none,1,near_1m,1,1,0.16778046431306007,918,1,-1,,,,,
800,40.29019383504725,-106.46481650218568,0,0,none,1,near_1m,1,1,0.17627131148003633,735,1,-1,,,,,
21,40.00859650126043,-106.86642751312567,0,0,none,1,near_1m,1,1,0.18348628375301573,733,1,-1,,,,,
317,43.3222596641765,-77.74920427953394,0,0,none,1,near_1m,1,1,0.18848508758627439,117,1,-1,,,,,
340,-38.63488684070464,-418.0860136143657,0,0,none,1,near_1m,1,1,0.2574756009748546,105,1,-1,,,,,
176,2.247955605975545,-525.6282652766013,0,0,none,1,near_1m,1,1,0.26829525610687843,524,1,-1,,,,,
574,207.64081645238446,-531.5274560399469,0,0,none,1,near_1m,1,1,0.27734223589582546,434,1,-1,,,,,
573,217.60267598265662,-534.9350924659161,0,0,none,1,near_1m,1,1,0.2776647566591217,433,1,-1,,,,,
572,217.67012740316537,-538.4344586545758,0,0,none,1,near_1m,1,1,0.27802178861378013,439,1,-1,,,,,
571,217.73754829538623,-541.9337943363709,0,0,none,1,near_1m,1,1,0.2783542136773177,440,1,-1,,,,,
138,-60.603366196695504,-541.4534885839292,0,0,none,1,near_1m,1,1,0.4104098863956571,496,1,-1,,,,,
262,6.1484531347554725,-533.5833175968011,0,0,none,1,near_1m,1,1,0.41582537785401136,828,1,-1,,,,,
91,-149.85647156631524,-542.8814228115575,0,0,none,1,near_1m,1,1,0.44776029885716273,473,1,-1,,,,,
36,4.029242620686052,-401.1411211488974,0,0,none,1,near_1m,1,1,0.4518403615997701,227,1,-1,,,,,
603,-287.5613714869792,-29.220145897471998,0,0,none,1,near_1m,1,1,0.46041061039159775,45,1,-1,,,,,
604,-290.69210905712634,-30.78495032197864,0,0,none,1,near_1m,1,1,0.46668048604815715,46,1,-1,,,,,
606,-296.9535231569124,-33.91457440835681,0,0,none,1,near_1m,1,1,0.46695865237189277,48,1,-1,,,,,
90,69.56302214715254,-540.840570131641,0,0,none,1,near_1m,1,1,0.4731907090068025,429,1,-1,,,,,
605,-293.82278558676524,-32.349769983850166,0,0,none,1,near_1m,1,1,0.506311792507267,47,1,-1,,,,,
602,-284.43069495734034,-27.65532623560047,0,0,none,1,near_1m,1,1,0.5296413199999759,39,1,-1,,,,,
32,133.03240460395241,-170.94113155836146,0,0,none,1,near_1m,1,1,0.6178547792699621,784,1,-1,,,,,
28,124.57285188611455,-170.97535466436784,0,0,none,1,near_1m,1,1,0.6556071454229901,783,1,-1,,,,,
590,60.808191120951946,61.19191648304992,0,0,none,1,near_1m,1,1,0.8519858478481231,952,1,-1,,,,,
628,148.09141791138055,-161.35262575041202,0,0,none,1,near_1m,1,1,0.8719841351093403,782,1,-1,,,,,
624,110.06397058075324,-172.6278911311911,0,0,none,1,near_1m,1,1,0.9604605248767698,651,1,-1,,,,,
141,119.4111530415704,-174.05865997985714,0,0,none,1,near_1m,1,1,0.9664868522291226,651,1,-1,,,,,
227,316.7605804484215,-165.028450689233,0,0,none,1,near_1m,1,1,0.9981826112865583,667,1,-1,,,,,
230,316.9341421560183,-175.87655976438182,0,0,none,1,near_1m,1,1,0.9992280230627064,671,1,-1,,,,,
229,316.8810987875875,-172.56177982322484,0,0,none,1,near_5m,0,1,1.005482914189395,665,1,-1,,,,,
228,316.82512191147725,-169.06222650153853,0,0,none,1,near_5m,0,1,1.0057975266488512,666,1,-1,,,,,
264,-207.0375572064805,-299.2875180078372,0,0,none,1,near_5m,0,1,1.4136611899548197,101,1,-1,,,,,
265,-203.72459975354138,-300.4163372293409,0,0,none,1,near_5m,0,1,1.515513228803294,100,1,-1,,,,,
266,-200.41164230060227,-301.5451564508446,0,0,none,1,near_5m,0,1,1.6175027185894928,99,1,-1,,,,,
267,-197.09862381518857,-302.673968021531,0,0,none,1,near_5m,0,1,1.7196206933983436,98,1,-1,,,,,
268,-193.7856663622495,-303.8027872430347,0,0,none,1,near_5m,0,1,1.821831808817594,92,1,-1,,,,,
347,60.05768124650601,-16.214754300827533,0,0,none,1,near_5m,0,1,2.167942693836116,155,1,-1,,,,,
489,-199.6673173373204,-265.37938851062177,0,0,none,1,near_5m,0,1,2.888486850096652,908,1,-1,,,,,
567,45.96661823420471,-148.8125657698089,0,0,none,1,near_5m,0,1,2.939732796641979,318,1,-1,,,,,
607,-300.0841996865513,-35.47939407022834,0,0,none,1,near_5m,0,1,3.033136561935269,48,1,-1,,,,,
73,37.26245795838894,55.76104421271184,0,0,none,1,near_5m,0,1,3.036917232101055,943,1,-1,,,,,
478,61.04464393452024,87.35496495643112,0,0,none,1,near_5m,0,1,3.0393378591565408,1080,1,-1,,,,,
730,56.94125801829793,-46.47598186032272,0,0,none,1,near_5m,0,1,3.178314464716533,1031,1,-1,,,,,
100,36.39043326850357,111.10186703074056,0,0,none,1,near_5m,0,1,3.3342145682139224,419,1,-1,,,,,
550,6.276656222331776,-570.2705307170312,0,0,none,1,near_5m,0,1,3.491505763126799,355,1,-1,,,,,
170,6.400684316116921,-486.1209458669516,0,0,none,1,near_5m,0,1,3.542484908972853,296,1,-1,,,,,
263,-210.35051465941962,-298.15869878633356,0,0,none,1,near_5m,0,1,3.5451523778033525,101,1,-1,,,,,
133,-207.81683719378833,-540.5213955661944,0,0,none,1,near_5m,0,1,3.569339584003631,450,1,-1,,,,,
132,-207.79536058992798,-537.0214488475013,0,0,none,1,near_5m,0,1,3.5705791097661934,444,1,-1,,,,,
131,-207.77382294020347,-533.5215326249612,0,0,none,1,near_5m,0,1,3.571818641742679,445,1,-1,,,,,
490,-154.41483811290112,31.177391599525123,0,0,none,1,near_5m,0,1,3.6969955538416572,557,1,-1,,,,,
192,61.72048400602362,66.7554084257935,0,0,none,1,near_5m,0,1,3.751571615783029,952,1,-1,,,,,
491,-154.51627126996988,27.678851142470773,0,0,none,1,near_5m,0,1,3.824742393238238,561,1,-1,,,,,
492,-154.61764339724192,24.180325965627787,0,0,none,1,near_5m,0,1,3.952501205759241,562,1,-1,,,,,
642,-256.7845281228969,-37.70087517015078,0,0,none,1,near_5m,0,1,4.067324648703975,380,1,-1,,,,,
493,-154.71901551915815,20.68178552999668,0,0,none,1,near_5m,0,1,4.080329166092447,563,1,-1,,,,,
758,-210.52068942409966,-310.48000256252254,0,0,none,1,near_5m,0,1,4.6387984574173435,101,1,-1,,,,,
759,-207.1457299954301,-311.4071627409453,0,0,none,1,near_5m,0,1,4.724654091230598,100,1,-1,,,,,
760,-203.7707705694384,-312.33431528997403,0,0,none,1,near_5m,0,1,4.810511651775079,99,1,-1,,,,,
753,-200.3958111407688,-313.2614754683968,0,0,none,1,near_5m,0,1,4.896378370770069,98,1,-1,,,,,
754,-197.0208517147771,-314.1886280174255,0,0,none,1,near_5m,0,1,4.98223948646434,92,1,-1,,,,,
755,-193.6458922861075,-315.1157881958483,0,0,none,1,near_20m,0,1,5.068102245225694,93,1,-1,,,,,
59,-208.7276057147264,-313.41556111803703,0,0,none,1,near_20m,0,1,5.083006525047573,98,1,-1,,,,,
60,-216.43418138034494,-305.3248131615185,0,0,none,1,near_20m,0,1,5.675328686986198,101,1,-1,,,,,
757,-213.89564885276928,-309.55284238409973,0,0,none,1,near_20m,0,1,5.675328686986198,101,1,-1,,,,,
429,125.61601138077806,-195.42850078466034,0,0,none,1,near_20m,0,1,6.332458286254421,553,1,-1,,,,,
608,-303.2149372566984,-37.04419849473498,0,0,none,1,near_20m,0,1,6.523971092116603,48,1,-1,,,,,
517,334.5755963688587,-164.75941839530054,0,0,none,1,near_20m,0,1,12.464279908333769,667,1,-1,,,,,
516,334.7192997170579,-168.79115035428273,0,0,none,1,near_20m,0,1,12.600652116219264,666,1,-1,,,,,
515,334.8439710427167,-172.28892861817508,0,0,none,1,near_20m,0,1,12.718944379157515,665,1,-1,,,,,
514,334.9620620438086,-175.60203014900245,0,0,none,1,near_20m,0,1,12.831021632844207,671,1,-1,,,,,
763,-210.30971731781915,-310.9263396719643,0,0,none,1,near_20m,0,1,15.37570365717705,101,1,-1,,,,,
129,-233.29006257937192,-295.9798607475704,0,0,none,1,near_20m,0,1,18.772128884864266,101,1,-1,,,,,
58,-217.03735598205546,-312.90432526847474,0,0,none,1,near_20m,0,1,19.630366273050775,101,1,-1,,,,,
128,-235.71617921219703,-298.50257831067574,0,0,none,1,far_20m,0,1,21.87875929322076,101,1,-1,,,,,
261,-204.50396056228516,-371.8770644044389,0,0,none,1,far_20m,0,1,24.282248444444086,93,1,-1,,,,,
260,-207.92499666835036,-371.1376645510457,0,0,none,1,far_20m,0,1,24.622696980658116,92,1,-1,,,,,
259,-211.34597173926304,-370.3982646762293,0,0,none,1,far_20m,0,1,24.96314693995317,98,1,-1,,,,,
258,-214.76700784532824,-369.6588648228361,0,0,none,1,far_20m,0,1,25.303590910787815,99,1,-1,,,,,
257,-218.18798291624094,-368.9194649480197,0,0,none,1,far_20m,0,1,25.644043546516183,100,1,-1,,,,,
256,-221.60901902230611,-368.18006509462657,0,0,none,1,far_20m,0,1,25.98449744196546,101,1,-1,,,,,
255,-225.02999409321882,-367.4406652198101,0,0,none,1,far_20m,0,1,26.443887573893132,101,1,-1,,,,,
108,353.5085618035756,-163.48768574930068,0,0,none,1,out_bbox,0,0,31.39682299374085,667,1,-1,,,,,
107,353.9043802051516,-167.50251212237362,0,0,none,1,out_bbox,0,0,31.786832682912088,666,1,-1,,,,,
804,354.96365755520054,-170.75408982835182,0,0,none,1,out_bbox,0,0,31.786832719608174,666,1,-1,,,,,
106,354.24776587960486,-170.98562621463932,0,0,none,1,out_bbox,0,0,32.125218838274805,665,1,-1,,,,,
105,354.5730205966812,-174.28483628963997,0,0,none,1,out_bbox,0,0,32.44572449357314,671,1,-1,,,,,
762,351.107921699823,-176.94938468330858,0,0,none,1,out_bbox,0,0,32.445739706895345,671,1,-1,,,,,
747,-229.99674887269876,-529.6270803985399,0,0,none,1,far_20m,0,1,32.53048649446694,445,1,-1,,,,,
735,-244.79281471475196,-536.8039050949754,0,0,none,1,far_20m,0,1,32.62920629612608,444,1,-1,,,,,
745,-242.99513442417793,-541.8801176865397,0,0,none,1,far_20m,0,1,32.62920629612608,444,1,-1,,,,,
737,-243.73685289227717,-543.5643075756171,0,0,none,1,far_20m,0,1,32.72823166692364,450,1,-1,,,,,
743,-234.69236389358647,-546.8505924056866,0,0,none,1,far_20m,0,1,32.72823166692364,450,1,-1,,,,,
746,-238.2595955326693,-533.5445927019603,0,0,none,1,far_20m,0,1,34.70746563886863,450,1,-1,,,,,
614,-250.40542797978745,-279.2638975787054,0,0,none,1,far_20m,0,1,38.466257625202495,101,1,-1,,,,,
615,-252.93619573337733,-281.68161036380883,0,0,none,1,far_20m,0,1,40.293002704568075,101,1,-1,,,,,
341,-306.46932090283883,3.7884019715755413,0,0,none,1,far_20m,0,1,41.53724381819066,48,1,-1,,,,,
111,354.75461698065544,-173.24583777796167,0,0,none,1,out_bbox,0,0,41.65384695131327,671,1,-1,,,,,
773,-321.39494960601525,-13.516169630745374,0,0,none,1,out_bbox,0,0,41.76530970268559,48,1,-1,,,,,
643,-312.1344909229629,7.812201107523403,0,0,none,1,far_20m,0,1,41.77171677349508,47,1,-1,,,,,
668,-317.8286627198733,1.0835174777146264,0,0,none,1,far_20m,0,1,41.77171677349508,47,1,-1,,,,,
521,353.1608780438057,-197.6657290404969,0,0,none,1,out_bbox,0,0,41.888946979983075,671,1,-1,,,,,
387,-298.8399924113776,4.673449903063752,0,0,none,1,far_20m,0,1,42.24071879698012,45,1,-1,,,,,
657,-316.63667548587375,4.992978462509817,0,0,none,1,far_20m,0,1,43.06469340247025,48,1,-1,,,,,
432,-235.53766400176121,-540.3477759111036,0,0,none,1,far_20m,0,1,43.06846720670599,445,1,-1,,,,,
249,-231.1136287866071,-482.68380497908356,0,0,none,1,far_20m,0,1,43.98052765876998,445,1,-1,,,,,
110,358.13402737205047,-176.5943432076872,0,0,none,1,out_bbox,0,0,45.20621723987004,671,1,-1,,,,,
522,356.660290570432,-197.73029522431318,0,0,none,1,out_bbox,0,0,45.35593486941952,671,1,-1,,,,,
616,-239.00521612504954,-539.9355713599898,0,0,none,1,far_20m,0,1,46.56477745739525,445,1,-1,,,,,
248,-234.58789886850826,-482.2599450704007,0,0,none,1,far_20m,0,1,47.41087366235536,445,1,-1,,,,,
505,-348.87119128908125,-67.12371743959078,0,0,none,1,out_bbox,0,0,49.784498303356315,48,1,-1,,,,,
250,-226.670527307906,-475.16655895949606,0,0,none,1,far_20m,0,1,49.80260802769056,445,1,-1,,,,,
531,385.4854411441173,-159.42888857720587,0,0,none,1,out_bbox,0,0,49.80652721309689,667,1,-1,,,,,
766,-242.54790827319337,-539.5070052424412,0,0,none,1,far_20m,0,1,50.0750287308607,445,1,-1,,,,,
530,386.1629693058819,-163.40588108293053,0,0,none,1,out_bbox,0,0,50.29451704988499,667,1,-1,,,,,
523,-249.10024976089488,-535.5846832799663,0,0,none,1,far_20m,0,1,50.36694223375409,445,1,-1,,,,,
529,386.750774015041,-166.85616783586084,0,0,none,1,out_bbox,0,0,50.78361798966005,666,1,-1,,,,,
247,-237.87112072872557,-481.8593640528033,0,0,none,1,far_20m,0,1,50.850768766084514,445,1,-1,,,,,
528,387.30753181056184,-170.12428697767123,0,0,none,1,out_bbox,0,0,51.25285467216885,665,1,-1,,,,,
678,-321.5441572511461,2.5891714457572026,0,0,none,1,out_bbox,0,0,52.71832757691189,48,1,-1,,,,,
332,-241.03063001725647,-571.5176440856959,0,0,none,1,far_20m,0,1,52.907569926341466,450,1,-1,,,,,
635,-316.10546481564137,1.6273199827014948,0,0,none,1,far_20m,0,1,52.96867430322175,48,1,-1,,,,,
778,-259.2481278350398,18.39872743328905,0,0,none,1,far_20m,0,1,54.110178560964854,41,1,-1,,,,,
713,-256.7882051114917,27.376428573380174,0,0,none,1,far_20m,0,1,54.17723867009334,41,1,-1,,,,,
246,-239.60825577503198,-481.6474188396737,0,0,none,1,far_20m,0,1,54.298301407677194,445,1,-1,,,,,
695,-247.88021322853135,16.50307449165949,0,0,none,1,far_20m,0,1,54.377868926120456,41,1,-1,,,,,
705,-254.45616458949,21.959827348542326,0,0,none,1,far_20m,0,1,54.377868926120456,41,1,-1,,,,,
779,-251.70604420841144,28.051277630682392,0,0,none,1,far_20m,0,1,54.377868926120456,41,1,-1,,,,,
776,-251.7744603319514,21.43122757417442,0,0,none,1,far_20m,0,1,54.834829815907895,41,1,-1,,,,,
47,-265.769188029014,-266.4257378068425,0,0,none,1,far_20m,0,1,55.16850318327485,101,1,-1,,,,,
49,-263.1631782719532,-265.01048585628735,0,0,none,1,far_20m,0,1,55.16850318327485,101,1,-1,,,,,
331,-244.49260279044313,-571.003203683223,0,0,none,1,far_20m,0,1,55.955972879244335,450,1,-1,,,,,
561,-265.82375719540073,-267.2845521794494,0,0,none,1,far_20m,0,1,56.96769427377446,101,1,-1,,,,,
46,-266.8228111970562,-271.89268358617744,0,0,none,1,far_20m,0,1,56.96784242990028,101,1,-1,,,,,
765,-249.3576827139583,-538.2310750710616,0,0,none,1,far_20m,0,1,57.06170696678334,445,1,-1,,,,,
504,-356.08378120484184,-64.15612557306373,0,0,none,1,out_bbox,0,0,57.58311750424506,48,1,-1,,,,,
245,-241.5363169727172,-481.41219469261216,0,0,none,1,far_20m,0,1,57.752194230206506,445,1,-1,,,,,
330,-247.9546365987823,-570.4887633021733,0,0,none,1,far_20m,0,1,59.054529832080476,450,1,-1,,,,,
769,-321.2829521872141,7.008849582200935,0,0,none,1,far_20m,0,1,59.94442518433097,48,1,-1,,,,,
685,-327.68856529341815,4.497644158582591,0,0,none,1,out_bbox,0,0,60.11273178202575,48,1,-1,,,,,
536,-252.8390304312989,-537.8141756548584,0,0,none,1,far_20m,0,1,60.560688523048526,445,1,-1,,,,,
756,-253.84794904314353,-543.3575293926933,0,0,none,1,far_20m,0,1,60.80640459762197,450,1,-1,,,,,
244,-245.01058705461836,-480.98833478392925,0,0,none,1,far_20m,0,1,61.21127072987006,445,1,-1,,,,,
562,-313.5044597954952,11.736662509032557,0,0,none,1,far_20m,0,1,61.862780626796955,40,1,-1,,,,,
465,-280.80909172389477,19.75691282763619,0,0,none,1,far_20m,0,1,61.97686394938266,41,1,-1,,,,,
329,-251.41660937196897,-569.9743228997003,0,0,none,1,far_20m,0,1,62.19563874792229,450,1,-1,,,,,
761,-256.91840928941025,-530.5909366550743,0,0,none,1,far_20m,0,1,64.30590103399346,445,1,-1,,,,,
251,-250.42067692137664,-496.4807437041796,0,0,none,1,far_20m,0,1,64.67474832804069,445,1,-1,,,,,
328,-254.87858215586724,-569.4598519796511,0,0,none,1,far_20m,0,1,65.37320702296537,450,1,-1,,,,,
768,-312.2189871680981,15.182777372256208,0,0,none,1,far_20m,0,1,65.70457309481755,40,1,-1,,,,,
466,-282.0696457080764,23.393860735999006,0,0,none,1,far_20m,0,1,65.82056630543146,41,1,-1,,,,,
48,-266.1893066171599,-266.56093318870717,0,0,none,1,far_20m,0,1,66.05263913600945,101,1,-1,,,,,
122,-253.10719975587202,24.31804328783414,0,0,none,1,far_20m,0,1,66.34286815742968,41,1,-1,,,,,
777,-256.4832152313352,31.557810295965794,0,0,none,1,far_20m,0,1,66.34286815742968,41,1,-1,,,,,
752,-259.5742348739763,-549.8851439598242,0,0,none,1,far_20m,0,1,68.06667628498977,450,1,-1,,,,,
327,-258.3405549290539,-568.9454115771782,0,0,none,1,far_20m,0,1,68.58218304453793,450,1,-1,,,,,
299,-255.0018532762894,29.361095008855575,0,0,none,1,far_20m,0,1,70.29895053649176,41,1,-1,,,,,
701,-259.43086200607337,33.860425720942075,0,0,none,1,far_20m,0,1,70.40559652704025,41,1,-1,,,,,
540,-284.40203932269844,-289.7936532480735,0,0,none,1,far_20m,0,1,70.41775649144822,101,1,-1,,,,,
767,-271.57047583674233,-265.50523523537026,0,0,none,1,far_20m,0,1,71.50120944328825,101,1,-1,,,,,
159,-282.18551937368215,-237.70670566279975,0,0,none,1,far_20m,0,1,73.12293804274347,101,1,-1,,,,,
539,-287.18989161788005,-287.677550960852,0,0,none,1,far_20m,0,1,73.70676599470585,101,1,-1,,,,,
160,-285.04687264075284,-239.72225937265682,0,0,none,1,far_20m,0,1,75.20150964602298,101,1,-1,,,,,
558,-253.45322910343134,33.420232573456026,0,0,none,1,far_20m,0,1,75.56363512787019,41,1,-1,,,,,
575,257.9428464938321,-539.7714888497312,0,0,none,1,far_20m,0,1,76.00941988496707,439,1,-1,,,,,
270,-283.4503800095585,-536.8889765281057,0,0,none,1,far_20m,0,1,77.2271762542154,444,1,-1,,,,,
271,-283.4611144051574,-540.388980511461,0,0,none,1,far_20m,0,1,77.28781868946135,450,1,-1,,,,,
272,-283.4718488114679,-543.8889539772401,0,0,none,1,far_20m,0,1,77.40120335308009,450,1,-1,,,,,
273,-283.48258321777837,-547.3889274430192,0,0,none,1,far_20m,0,1,77.67229558994593,450,1,-1,,,,,
538,-250.3001603420076,35.18079985311616,0,0,none,1,far_20m,0,1,79.08636562988315,41,1,-1,,,,,
474,-391.4135176093394,61.456130532661625,0,0,none,1,out_bbox,0,0,86.22628280484658,48,1,-1,,,,,
475,-390.0224329005534,64.66780063958831,0,0,none,1,out_bbox,0,0,86.93215049965549,48,1,-1,,,,,
171,-291.3942754473415,105.59594565302079,0,0,none,1,far_20m,0,1,89.21421264728183,41,1,-1,,,,,
379,-301.1309606223359,-213.1724937943736,0,0,none,1,far_20m,0,1,89.26356357955493,48,1,-1,,,,,
234,-343.35296107901064,-368.5932651847469,0,0,none,1,far_20m,0,1,89.7868693278104,101,1,-1,,,,,
656,-336.35015920587705,-174.86205267939914,0,0,none,1,far_20m,0,1,89.84129235033639,48,1,-1,,,,,
172,-288.2660420590847,107.16570830531441,0,0,none,1,far_20m,0,1,90.26857751354805,41,1,-1,,,,,
469,-204.03568313849226,-440.95611266911516,0,0,none,1,far_20m,0,1,92.32420820847798,445,1,-1,,,,,
233,-346.1605795355384,-366.5034607305904,0,0,none,1,far_20m,0,1,92.39255623020873,101,1,-1,,,,,
378,-303.9040149428237,-215.30800591397553,0,0,none,1,far_20m,0,1,92.76342486510225,48,1,-1,,,,,
655,-338.90498376981833,-177.2542459527302,0,0,none,1,far_20m,0,1,93.32347042129435,48,1,-1,,,,,
55,-219.56789335427828,-431.44145277947104,0,0,none,1,far_20m,0,1,93.79885848064839,445,1,-1,,,,,
56,-217.46808719822485,-440.8701139147491,0,0,none,1,far_20m,0,1,93.84733385332558,445,1,-1,,,,,
88,-226.23723718723534,-432.22002361463274,0,0,none,1,far_20m,0,1,94.73470553218536,445,1,-1,,,,,
54,-222.97808214898322,-430.65377030712136,0,0,none,1,far_20m,0,1,95.62272919946207,445,1,-1,,,,,
482,415.2033240959963,-152.7148668421292,0,0,none,1,out_bbox,0,0,95.91241447940995,667,1,-1,,,,,
481,416.352615480914,-156.58199068899953,0,0,none,1,out_bbox,0,0,96.58172159411752,667,1,-1,,,,,
480,417.3496885184852,-159.93696471616028,0,0,none,1,out_bbox,0,0,97.29426967130296,667,1,-1,,,,,
53,-226.38833197348487,-429.866103114983,0,0,none,1,far_20m,0,1,97.5381170745829,445,1,-1,,,,,
479,418.2941252179474,-163.1147950372676,0,0,none,1,out_bbox,0,0,98.07965660231802,667,1,-1,,,,,
470,-203.75987892270868,-433.9615543718508,0,0,none,1,far_20m,0,1,99.25555378563162,445,1,-1,,,,,
797,-375.8373809891321,-134.76266514932047,0,0,none,1,out_bbox,0,0,101.25392809256229,48,1,-1,,,,,
740,-371.68999060669614,-131.430902209991,0,0,none,1,out_bbox,0,0,101.25403567062432,48,1,-1,,,,,
52,-233.20877059269148,-428.2907534504949,0,0,none,1,far_20m,0,1,101.62252596622116,445,1,-1,,,,,
471,-203.62200733507106,-430.4642676045362,0,0,none,1,far_20m,0,1,102.72472823070972,445,1,-1,,,,,
798,-386.6006308986989,-127.27223328151604,0,0,none,1,out_bbox,0,0,102.87857963932358,48,1,-1,,,,,
287,283.6384669068174,-532.6452817899185,0,0,none,1,far_20m,0,1,103.00373032770203,434,1,-1,,,,,
240,277.273337042954,-523.6845026928193,0,0,none,1,far_20m,0,1,103.00374558359941,434,1,-1,,,,,
275,282.1979040028178,-526.3537338149322,0,0,none,1,far_20m,0,1,103.24008558776507,434,1,-1,,,,,
423,287.8751602911312,-532.5114094553006,0,0,none,1,far_20m,0,1,103.24008558776507,434,1,-1,,,,,
464,284.8818878682864,-525.9866418160182,0,0,none,1,far_20m,0,1,103.32634708747501,434,1,-1,,,,,
51,-236.61895938739644,-427.5030709781452,0,0,none,1,far_20m,0,1,103.78159062213771,445,1,-1,,,,,
376,278.25452902748543,-540.3516092738981,0,0,none,1,far_20m,0,1,103.932648936831,439,1,-1,,,,,
50,-240.0291481821014,-426.7153885057955,0,0,none,1,far_20m,0,1,106.01226110877164,445,1,-1,,,,,
472,-203.4841357474334,-426.96698083722157,0,0,none,1,far_20m,0,1,106.19592586097141,445,1,-1,,,,,
787,-376.76247549144995,-141.76219683012076,0,0,none,1,out_bbox,0,0,106.43608546581693,48,1,-1,,,,,
788,-381.13112941008495,-130.2817272550212,0,0,none,1,out_bbox,0,0,106.66676242995513,48,1,-1,,,,,
749,-382.9524173887554,-133.2412671580976,0,0,none,1,out_bbox,0,0,106.69474015908678,48,1,-1,,,,,
750,-384.80899817949097,-120.33552306143686,0,0,none,1,out_bbox,0,0,106.69474015908678,48,1,-1,,,,,
792,-377.07841961194566,-133.51490884149433,0,0,none,1,out_bbox,0,0,106.69474015908678,48,1,-1,,,,,
57,-214.79368715842506,-424.0666839352337,0,0,none,1,far_20m,0,1,108.31352006151168,445,1,-1,,,,,
734,-375.34821497566685,-146.67335234084226,0,0,none,1,out_bbox,0,0,109.75721697003812,48,1,-1,,,,,
736,-383.62612656157967,-134.44973276830083,0,0,none,1,out_bbox,0,0,109.99722950127307,48,1,-1,,,,,
126,443.7866115171894,-136.13918219387978,0,0,none,1,out_bbox,0,0,110.14048625981424,667,1,-1,,,,,
120,277.6347454767839,-513.349414264908,0,0,none,1,far_20m,0,1,110.6280345148023,434,1,-1,,,,,
125,447.1342952516053,-138.3905250012291,0,0,none,1,out_bbox,0,0,110.75213887298776,667,1,-1,,,,,
549,280.84618474293654,-530.4719758538547,0,0,none,1,far_20m,0,1,110.968164487128,434,1,-1,,,,,
124,450.0386141116903,-140.34370645499277,0,0,none,1,out_bbox,0,0,111.39847930913291,667,1,-1,,,,,
123,452.78959552621734,-142.19376179195646,0,0,none,1,out_bbox,0,0,112.10806948845936,667,1,-1,,,,,
649,280.3819027412127,-550.0266444151772,0,0,none,1,far_20m,0,1,112.80645919105028,440,1,-1,,,,,
119,281.0591591123095,-512.6259527352597,0,0,none,1,far_20m,0,1,114.12583715386046,434,1,-1,,,,,
188,287.47842420628837,-526.5776494177187,0,0,none,1,far_20m,0,1,114.39682889971203,434,1,-1,,,,,
485,284.6443024429584,-531.0991217632776,0,0,none,1,far_20m,0,1,114.39726728436312,434,1,-1,,,,,
650,284.1902189143893,-550.4089136829932,0,0,none,1,far_20m,0,1,116.63391157111627,440,1,-1,,,,,
235,289.44511106923704,-534.654077531268,0,0,none,1,far_20m,0,1,116.82448029853732,440,1,-1,,,,,
118,284.48358801733485,-511.9025217178319,0,0,none,1,far_20m,0,1,117.62378031134837,434,1,-1,,,,,
775,288.3721628757579,-529.4926496171709,0,0,none,1,far_20m,0,1,117.82700657433756,434,1,-1,,,,,
796,-383.9177016291706,-131.81258214060833,0,0,none,1,out_bbox,0,0,118.83176247045513,48,1,-1,,,,,
651,288.5916041093779,-550.850697688607,0,0,none,1,far_20m,0,1,121.05741156824502,440,1,-1,,,,,
117,287.90800165286043,-511.17906018818377,0,0,none,1,far_20m,0,1,121.12183313486914,434,1,-1,,,,,
774,292.85094718243994,-530.5181772437345,0,0,none,1,far_20m,0,1,121.31919936546547,434,1,-1,,,,,
180,292.265075974723,-520.0563766238919,0,0,none,1,far_20m,0,1,121.42431561307757,434,1,-1,,,,,
184,-428.56892253827465,-80.24401532465278,0,0,none,1,out_bbox,0,0,125.32243603133591,48,1,-1,,,,,
795,-389.23154931506326,-135.4512120429823,0,0,none,1,out_bbox,0,0,125.35773002712203,48,1,-1,,,,,
652,293.3368277241093,-551.3269679432146,0,0,none,1,far_20m,0,1,125.82647512507576,440,1,-1,,,,,
535,-389.13784924795146,-179.47703216241953,0,0,none,1,out_bbox,0,0,125.92039098679804,48,1,-1,,,,,
196,295.89184766688305,-536.4061788588422,0,0,none,1,far_20m,0,1,126.07394544203844,440,1,-1,,,,,
534,-395.7352230397747,-178.1962361786933,0,0,none,1,out_bbox,0,0,130.69740827030287,48,1,-1,,,,,
183,-433.15269053346344,-84.3390921843988,0,0,none,1,out_bbox,0,0,131.1556019512818,48,1,-1,,,,,
684,324.8721883408135,-509.1701750506904,0,0,none,1,far_20m,0,1,131.35181986393525,434,1,-1,,,,,
679,337.35416653789855,-507.6865762760229,0,0,none,1,far_20m,0,1,132.54291786759416,434,1,-1,,,,,
680,338.46443222612675,-510.39785666346756,0,0,none,1,far_20m,0,1,133.81496709772279,434,1,-1,,,,,
681,339.12761360887555,-512.0173139290491,0,0,none,1,far_20m,0,1,135.1656967819576,434,1,-1,,,,,
682,340.006876831529,-514.164466378857,0,0,none,1,far_20m,0,1,136.59277365009478,434,1,-1,,,,,
453,467.2672467910895,-90.15908634796311,0,0,none,1,out_bbox,0,0,158.73430716221583,667,1,-1,,,,,
127,472.61297016401124,-93.53061567201048,0,0,none,1,out_bbox,0,0,160.87061842427534,667,1,-1,,,,,
683,354.22319932463057,-512.2887793358314,0,0,none,1,far_20m,0,1,162.44330655711192,434,1,-1,,,,,
142,472.26193737453053,-92.69231414969033,0,0,none,1,out_bbox,0,0,162.7637347276445,667,1,-1,,,,,
377,476.8433937552121,-97.38438616457765,0,0,none,1,out_bbox,0,0,165.16837097934373,667,1,-1,,,,,
438,476.50740239689634,-86.76498897751004,0,0,none,1,out_bbox,0,0,180.90033888695172,667,1,-1,,,,,
524,478.3036045761425,-46.73325100601975,0,0,none,1,out_bbox,0,0,185.4659361965021,667,1,-1,,,,,
541,482.5361403743447,-85.26400195824667,0,0,none,1,out_bbox,0,0,187.47025149160257,667,1,-1,,,,,
525,481.7662433788362,-47.24329664319671,0,0,none,1,out_bbox,0,0,188.13343192005212,667,1,-1,,,,,
289,507.0240618430538,-96.31189545542561,0,0,none,1,out_bbox,0,0,190.50683057839927,667,1,-1,,,,,
526,486.8183828672355,-47.98746455842966,0,0,none,1,out_bbox,0,0,192.07338663129173,667,1,-1,,,,,
288,507.72259062877856,-92.62752986778226,0,0,none,1,out_bbox,0,0,192.40303438886943,667,1,-1,,,,,
666,380.769408473131,-486.84672083469275,0,0,none,1,out_bbox,0,0,209.06824231935286,434,1,-1,,,,,
665,382.0466601086572,-490.1053364428863,0,0,none,1,out_bbox,0,0,209.71694538866964,434,1,-1,,,,,
664,383.32391175489494,-493.3639825686561,0,0,none,1,out_bbox,0,0,210.42186730442498,434,1,-1,,,,,
663,384.60116339042105,-496.6225981768497,0,0,none,1,out_bbox,0,0,211.18245539139556,434,1,-1,,,,,
662,385.8784073965531,-499.88121378772115,0,0,none,1,out_bbox,0,0,211.9980975803516,434,1,-1,,,,,
576,387.0651804951194,-554.8242820621017,0,0,none,1,out_bbox,0,0,216.55707424536817,440,1,-1,,,,,
577,390.47095853329057,-555.6309480173828,0,0,none,1,out_bbox,0,0,220.05703436706904,440,1,-1,,,,,
217,547.3463582059821,-106.9643690279481,0,0,none,1,out_bbox,0,0,221.55730323827243,667,1,-1,,,,,
449,476.8901774225062,-345.24910058820757,0,0,none,1,out_bbox,0,0,221.99024398595319,671,1,-1,,,,,
145,481.8334320466837,-6.961700144170105,0,0,none,1,out_bbox,0,0,222.1847918341227,667,1,-1,,,,,
218,548.488014518169,-103.3923814795244,0,0,none,1,out_bbox,0,0,223.44373134498355,667,1,-1,,,,,
578,393.8767289420677,-556.437613975342,0,0,none,1,out_bbox,0,0,223.55699504270117,440,1,-1,,,,,
144,485.313168027495,-7.337767604043644,0,0,none,1,out_bbox,0,0,224.6604431118249,667,1,-1,,,,,
450,479.3895936880276,-347.6991817000545,0,0,none,1,out_bbox,0,0,225.49024429499522,671,1,-1,,,,,
182,407.49266008473217,-490.7987975592557,0,0,none,1,out_bbox,0,0,226.01129243353765,434,1,-1,,,,,
648,404.44660065983925,-488.9495553279337,0,0,none,1,out_bbox,0,0,226.01129243353765,434,1,-1,,,,,
99,406.66235431395586,-490.1503767970807,0,0,none,1,out_bbox,0,0,226.03015180334532,434,1,-1,,,,,
185,408.7003846820676,-487.5137665139412,0,0,none,1,out_bbox,0,0,226.03015180334532,434,1,-1,,,,,
143,487.9522997126543,-7.622989361986986,0,0,none,1,out_bbox,0,0,226.55607455979882,667,1,-1,,,,,
630,400.08302846506257,-482.3613038139747,0,0,none,1,out_bbox,0,0,226.6249102596853,434,1,-1,,,,,
579,397.28250698023896,-557.2442799306232,0,0,none,1,out_bbox,0,0,227.0569577921024,440,1,-1,,,,,
448,416.8965062288234,-446.38825226762737,0,0,none,1,out_bbox,0,0,227.20150763981144,671,1,-1,,,,,
451,482.3254661515449,-350.5771034172571,0,0,none,1,out_bbox,0,0,230.20393900594962,671,1,-1,,,,,
418,404.00671872677134,-490.8579740034892,0,0,none,1,out_bbox,0,0,233.45323927396387,434,1,-1,,,,,
699,545.492280263569,-209.43589327550177,0,0,none,1,out_bbox,0,0,234.42354947417675,671,1,-1,,,,,
452,493.9389703100645,-344.08471492873775,0,0,none,1,out_bbox,0,0,234.91763374656097,671,1,-1,,,,,
177,411.08971759842115,-494.6785777174005,0,0,none,1,out_bbox,0,0,235.97925434855438,434,1,-1,,,,,
419,407.3769158255064,-491.8023477686049,0,0,none,1,out_bbox,0,0,236.70088131937538,434,1,-1,,,,,
697,549.586353230147,-202.56285974124606,0,0,none,1,out_bbox,0,0,237.68420088356456,671,1,-1,,,,,
326,558.2173413975548,-209.88388234803253,0,0,none,1,out_bbox,0,0,240.8827520354535,671,1,-1,,,,,
69,555.6005391084894,-206.14549416119172,0,0,none,1,out_bbox,0,0,240.952215410363,671,1,-1,,,,,
368,483.24652775763496,44.449580877401615,0,0,none,1,out_bbox,0,0,241.53515253196755,667,1,-1,,,,,
698,555.6638549259798,-199.19924199209456,0,0,none,1,out_bbox,0,0,242.2741229826909,671,1,-1,,,,,
434,414.1172947534767,-493.69106478661575,0,0,none,1,out_bbox,0,0,243.2171586040587,434,1,-1,,,,,
367,486.7454784037776,44.53531218247853,0,0,none,1,out_bbox,0,0,243.7774481011533,667,1,-1,,,,,
675,563.5052474667169,-179.21143496518818,0,0,none,1,out_bbox,0,0,244.7518614716827,671,1,-1,,,,,
366,489.3991823290206,44.60031528750401,0,0,none,1,out_bbox,0,0,245.49769667139762,667,1,-1,,,,,
70,559.4574174298359,-206.50901574220677,0,0,none,1,out_bbox,0,0,247.38950330093675,671,1,-1,,,,,
671,574.0493784410925,-160.8823258351504,0,0,none,1,out_bbox,0,0,247.8766882429816,671,1,-1,,,,,
708,559.9729147667958,-207.92758517696868,0,0,none,1,out_bbox,0,0,248.91226333652537,671,1,-1,,,,,
686,415.00189414510896,-489.86992275946244,0,0,none,1,out_bbox,0,0,249.70258795658785,434,1,-1,,,,,
672,577.2927221784565,-162.19789511891352,0,0,none,1,out_bbox,0,0,251.01141690813878,671,1,-1,,,,,
709,563.2521241656597,-206.33014015517867,0,0,none,1,out_bbox,0,0,252.17818952368594,671,1,-1,,,,,
254,418.3972121624658,-488.480883022423,0,0,none,1,out_bbox,0,0,253.07077222020442,434,1,-1,,,,,
673,580.5360582877656,-163.5134682200516,0,0,none,1,out_bbox,0,0,254.155684953087,671,1,-1,,,,,
669,444.660043589843,-502.53617983740514,0,0,none,1,out_bbox,0,0,257.15268916191064,434,1,-1,,,,,
670,445.15422690134443,-499.07122345158433,0,0,none,1,out_bbox,0,0,258.8001779438742,434,1,-1,,,,,
594,596.1696588529089,-234.98594774835794,0,0,none,1,out_bbox,0,0,260.5897742598183,671,1,-1,,,,,
674,586.4604049180399,-156.46904139576893,0,0,none,1,out_bbox,0,0,261.53198040410757,671,1,-1,,,,,
593,598.0436824485566,-232.02993700384042,0,0,none,1,out_bbox,0,0,261.9711757745739,671,1,-1,,,,,
537,584.8226000043608,-109.90229543146654,0,0,none,1,out_bbox,0,0,264.47786280530323,667,1,-1,,,,,
693,579.4174083742384,-117.39622801864445,0,0,none,1,out_bbox,0,0,264.47786280530323,667,1,-1,,,,,
112,584.3053320394881,-114.85071948400079,0,0,none,1,out_bbox,0,0,265.90627655975146,667,1,-1,,,,,
557,580.8947195814139,-106.05256150822008,0,0,none,1,out_bbox,0,0,266.996046695285,667,1,-1,,,,,
700,583.1818715603888,-111.56413393904946,0,0,none,1,out_bbox,0,0,272.5626473993475,667,1,-1,,,,,
696,586.7038262666837,-111.46890359220295,0,0,none,1,out_bbox,0,0,275.5849783800535,667,1,-1,,,,,
702,590.1853596470089,-111.82788057638942,0,0,none,1,out_bbox,0,0,278.9868401550546,667,1,-1,,,,,
382,586.5370062255857,4.307915713617796,0,0,none,1,out_bbox,0,0,279.4305656912718,667,1,-1,,,,,
694,593.7074022640817,-111.72227422148471,0,0,none,1,out_bbox,0,0,282.4938295744576,667,1,-1,,,,,
383,590.0277497335027,4.053495191268004,0,0,none,1,out_bbox,0,0,282.84702690258086,667,1,-1,,,,,
384,593.5184856120256,3.7990746662403057,0,0,none,1,out_bbox,0,0,286.2654973314919,667,1,-1,,,,,
385,597.0092291199426,3.544654143890513,0,0,none,1,out_bbox,0,0,289.6859239835143,667,1,-1,,,,,
386,600.4999726225038,3.2902488803288428,0,0,none,1,out_bbox,0,0,293.1082294590271,667,1,-1,,,,,
239,495.80610433176275,117.20425314938309,0,0,none,1,out_bbox,0,0,298.68821244259163,667,1,-1,,,,,
238,498.8090427519941,115.40635686980607,0,0,none,1,out_bbox,0,0,300.76222163179335,667,1,-1,,,,,
237,501.0865574477443,114.04280682451922,0,0,none,1,out_bbox,0,0,302.3527563698624,667,1,-1,,,,,
609,549.8195773997728,118.60883199400851,0,0,none,1,out_bbox,0,0,359.640825842023,667,1,-1,,,,,
610,553.0337746049113,117.22357703001084,0,0,none,1,out_bbox,0,0,360.7379902276349,667,1,-1,,,,,
611,559.4621728191738,114.45309762093072,0,0,none,1,out_bbox,0,0,363.0236384194578,667,1,-1,,,,,
717,522.2016423946238,161.27177871137206,0,0,none,1,out_bbox,0,0,375.11609543254866,667,1,-1,,,,,
68,525.1945223454269,159.4733906200084,0,0,none,1,out_bbox,0,0,375.2520911221487,667,1,-1,,,,,
92,527.187716846373,150.6653433475603,0,0,none,1,out_bbox,0,0,375.37705674401684,667,1,-1,,,,,
65,525.9616550094795,157.808254506312,0,0,none,1,out_bbox,0,0,376.0850939677524,667,1,-1,,,,,
10,569.4765057124032,123.3527923828757,0,0,none,1,out_bbox,0,0,378.1552180059263,667,1,-1,,,,,
8,568.6190014240444,130.3691544301333,0,0,none,1,out_bbox,0,0,378.1894492977528,667,1,-1,,,,,
9,567.7955493691014,133.7709041835719,0,0,none,1,out_bbox,0,0,378.4094959490094,667,1,-1,,,,,
7,567.5846114673959,132.59825316818046,0,0,none,1,out_bbox,0,0,379.4607604698729,667,1,-1,,,,,
66,525.3749899888687,159.52222105670847,0,0,none,1,out_bbox,0,0,382.6373624882105,667,1,-1,,,,,
226,543.0675579630416,142.89122306348108,0,0,none,1,out_bbox,0,0,382.87580993187754,667,1,-1,,,,,
13,566.2028235799394,130.22227973527677,0,0,none,1,out_bbox,0,0,385.61231819807716,667,1,-1,,,,,
225,546.5634916645284,148.9557744786915,0,0,none,1,out_bbox,0,0,389.8445330112667,667,1,-1,,,,,
412,589.0671828037765,121.1993902256078,0,0,none,1,out_bbox,0,0,392.12465633948403,667,1,-1,,,,,
11,568.5461884091295,136.8193245827139,0,0,none,1,out_bbox,0,0,392.51561974568295,667,1,-1,,,,,
67,532.0491802049206,162.33910853783883,0,0,none,1,out_bbox,0,0,393.00164667728825,667,1,-1,,,,,
224,548.3114585206276,151.98803492750858,0,0,none,1,out_bbox,0,0,393.3292989583647,667,1,-1,,,,,
413,589.7832807631356,124.62533148312647,0,0,none,1,out_bbox,0,0,395.12646837695695,667,1,-1,,,,,
12,569.7716765495495,140.0977700657224,0,0,none,1,out_bbox,0,0,395.9768774592546,667,1,-1,,,,,
654,530.0549294843403,175.69418330754274,0,0,none,1,out_bbox,0,0,397.5156582412922,667,1,-1,,,,,
653,533.1538817152016,174.06740228216603,0,0,none,1,out_bbox,0,0,397.8368934630285,667,1,-1,,,,,
414,582.6686111464131,129.6881116571759,0,0,none,1,out_bbox,0,0,398.13643842801173,667,1,-1,,,,,
439,605.0742685264626,108.94859924052443,0,0,none,1,out_bbox,0,0,398.59886374928004,667,1,-1,,,,,
415,590.6546279622353,128.79406409503713,0,0,none,1,out_bbox,0,0,400.1991546975141,667,1,-1,,,,,
440,608.5029136610787,108.24548746051384,0,0,none,1,out_bbox,0,0,400.64450568605366,667,1,-1,,,,,
783,603.59672810215,116.4294958819909,0,0,none,1,out_bbox,0,0,401.9286842453499,667,1,-1,,,,,
789,608.3718092545253,125.02840146128237,0,0,none,1,out_bbox,0,0,402.1983427530708,667,1,-1,,,,,
441,611.9315664358004,107.5423451656049,0,0,none,1,out_bbox,0,0,402.7101609720226,667,1,-1,,,,,
416,591.2154766711425,131.4772445157401,0,0,none,1,out_bbox,0,0,403.18734965384664,667,1,-1,,,,,
25,616.9084849386127,120.54885359926632,0,0,none,1,out_bbox,0,0,403.8887003610681,667,1,-1,,,,,
790,611.800484863871,124.32541176228838,0,0,none,1,out_bbox,0,0,404.2257695596755,667,1,-1,,,,,
442,615.3602115704164,106.8392333855943,0,0,none,1,out_bbox,0,0,404.7955527104467,667,1,-1,,,,,
588,613.9554804924414,120.24834808687223,0,0,none,1,out_bbox,0,0,404.8584868975097,667,1,-1,,,,,
23,612.7933426339089,124.11140477181286,0,0,none,1,out_bbox,0,0,404.85849228070936,667,1,-1,,,,,
417,593.889260786409,134.49402181848203,0,0,none,1,out_bbox,0,0,406.1979033127677,667,1,-1,,,,,
22,610.4129188489101,122.8265115506115,0,0,none,1,out_bbox,0,0,406.3512981419258,667,1,-1,,,,,
443,618.7888567050326,106.1361216055837,0,0,none,1,out_bbox,0,0,406.90036272467046,667,1,-1,,,,,
738,618.6578437012453,122.91946288455453,0,0,none,1,out_bbox,0,0,408.34041227956425,667,1,-1,,,,,
739,622.086519310591,122.21647318556053,0,0,none,1,out_bbox,0,0,410.4270435784499,667,1,-1,,,,,
27,615.1186996431851,125.43351011227054,0,0,none,1,out_bbox,0,0,410.744908149361,667,1,-1,,,,,
393,543.0816319026529,209.73678265820206,0,0,none,1,out_bbox,0,0,410.8181032032296,667,1,-1,,,,,
392,546.5687977656067,209.43734744959744,0,0,none,1,out_bbox,0,0,411.1289452826136,667,1,-1,,,,,
24,622.9477568553622,115.34519302401314,0,0,none,1,out_bbox,0,0,411.3468192860873,667,1,-1,,,,,
712,607.0744529741377,133.83315293254498,0,0,none,1,out_bbox,0,0,413.75597534428846,667,1,-1,,,,,
121,620.1237560207746,123.41836001647823,0,0,none,1,out_bbox,0,0,420.9451695462937,667,1,-1,,,,,
618,643.902177557038,113.00504418522684,0,0,none,1,out_bbox,0,0,424.78789457697945,667,1,-1,,,,,
26,624.9491529903937,125.64866103806199,0,0,none,1,out_bbox,0,0,425.5963967480542,667,1,-1,,,,,
211,611.7434361132517,145.8115685989251,0,0,none,1,out_bbox,0,0,425.8779090048428,667,1,-1,,,,,
619,645.2436638134078,116.23775401337994,0,0,none,1,out_bbox,0,0,427.6624695345688,667,1,-1,,,,,
212,615.1990908643618,145.25617138647004,0,0,none,1,out_bbox,0,0,427.9834306407243,667,1,-1,,,,,
213,618.6547456154718,144.70077417401498,0,0,none,1,out_bbox,0,0,430.10712134240623,667,1,-1,,,,,
214,622.1104003558702,144.14540747913614,0,0,none,1,out_bbox,0,0,432.24874537574885,667,1,-1,,,,,
215,625.5660551069801,143.59001026668108,0,0,none,1,out_bbox,0,0,434.4079842081137,667,1,-1,,,,,
459,617.006246869322,169.67605768782366,0,0,none,1,out_bbox,0,0,437.74223756774444,667,1,-1,,,,,
458,620.4021666966095,168.82886092607984,0,0,none,1,out_bbox,0,0,439.58108895102686,667,1,-1,,,,,
457,623.7980865131852,167.98169468191227,0,0,none,1,out_bbox,0,0,441.44000385113156,667,1,-1,,,,,
456,627.1940139698668,167.13449792284635,0,0,none,1,out_bbox,0,0,443.31877867658625,667,1,-1,,,,,
455,630.5899261570486,166.28733167600086,0,0,none,1,out_bbox,0,0,445.2171186720642,667,1,-1,,,,,
203,626.7998644043489,206.91118697840508,0,0,none,1,out_bbox,0,0,464.5046320069534,667,1,-1,,,,,
202,630.1674478772535,205.95753495158945,0,0,none,1,out_bbox,0,0,466.1328447461578,667,1,-1,,,,,
201,633.5350160806582,205.00391343699428,0,0,none,1,out_bbox,0,0,467.7816006261299,667,1,-1,,,,,
200,636.9025995535629,204.05026141017868,0,0,none,1,out_bbox,0,0,469.4506433488461,667,1,-1,,,,,
199,640.2701677569676,203.09663989558348,0,0,none,1,out_bbox,0,0,471.1397865986916,667,1,-1,,,,,
303,-187.86340658978716,-222.82182362250703,1,1,primary,0,matched,0,1,0.00841865688754692,61,1,-1,,,,,
161,3.8574750380465437,-526.3872523866135,1,1,primary,0,matched,0,1,0.013918210167316045,824,1,-1,,,,,
339,-35.72221814036242,-420.0268096292619,1,1,primary,0,matched,0,1,0.01591457926087053,105,1,-1,,,,,
318,33.64509593219479,-166.14785480665074,1,1,primary,0,matched,0,1,0.016492932323492908,139,1,-1,,,,,
396,28.476198652899917,-188.02187711652743,1,1,primary,0,matched,0,1,0.01651885927909367,139,1,-1,,,,,
308,-171.0641694859044,-215.11566552696738,1,1,primary,0,matched,0,1,0.016883734032730524,68,1,-1,,,,,
444,53.21757117224448,-433.054369566297,1,1,primary,0,matched,0,1,0.017551090759002283,338,1,-1,,,,,
399,40.07637516218039,-192.67869347856032,1,1,primary,0,matched,0,1,0.018767497549023373,130,1,-1,,,,,
463,-60.692957981375024,-364.10785175738783,1,1,primary,0,matched,0,1,0.01894633798203962,709,1,-1,,,,,
34,4.082924482877882,-382.2781403292634,1,1,primary,0,matched,0,1,0.018973283218649453,884,1,-1,,,,,
533,-191.1541191220016,-272.375157231569,1,1,primary,0,matched,0,1,0.02123336941593995,903,1,-1,,,,,
38,26.166267951400627,-393.14229224678945,1,1,primary,0,matched,0,1,0.022576098893515046,883,1,-1,,,,,
166,18.568288412524964,-462.3002978579949,1,1,primary,0,matched,0,1,0.023541898001942015,267,1,-1,,,,,
78,64.84977943340436,20.60963811607985,1,1,primary,0,matched,0,1,0.024705505887512063,941,1,-1,,,,,
243,20.14865224861564,-533.6264687379604,1,1,primary,0,matched,0,1,0.029246449141826062,809,1,-1,,,,,
208,-139.54140796120396,-568.4418296944882,1,1,primary,0,matched,0,1,0.030610414379959323,300,1,-1,,,,,
207,-136.04185437172717,-568.386615757784,1,1,primary,0,matched,0,1,0.03065454117069057,306,1,-1,,,,,
209,-143.04102257512164,-568.4970741701919,1,1,primary,0,matched,0,1,0.03066731419809414,301,1,-1,,,,,
401,46.572469124330944,-195.2865099754406,1,1,primary,0,matched,0,1,0.03184191534703222,132,1,-1,,,,,
333,60.78017864604586,-80.3622478819979,1,1,primary,0,matched,0,1,0.032055895207876675,801,1,-1,,,,,
667,23.12895879418779,-395.00810454603175,1,1,primary,0,matched,0,1,0.032403244084336355,866,1,-1,,,,,
130,-53.54224296460565,-541.355398562888,1,1,primary,0,matched,0,1,0.033280724690514754,773,1,-1,,,,,
307,-173.88405839676486,-222.06134738924754,1,1,primary,0,matched,0,1,0.033653309469605104,67,1,-1,,,,,
589,-56.08914945237178,-537.0927729732228,1,1,primary,0,matched,0,1,0.03687122821911293,765,1,-1,,,,,
501,49.393749247831124,113.56834538786738,1,1,primary,0,matched,0,1,0.03689644756144487,413,1,-1,,,,,
560,35.3729602301753,-166.11775690268684,1,1,primary,0,matched,0,1,0.038383695178756755,1006,1,-1,,,,,
179,-55.13524853115253,-556.6922318433499,1,1,primary,0,matched,0,1,0.040149760451394644,765,1,-1,,,,,
72,9.648678764148004,-533.6169095820261,1,1,primary,0,matched,0,1,0.04044863685052844,824,1,-1,,,,,
454,-177.54971645652643,-155.26354429744006,1,1,primary,0,matched,0,1,0.04063762752589329,851,0,-1,,,,,
151,16.204675484309305,-537.4326933897233,1,1,primary,0,matched,0,1,0.04094236384188215,821,1,-1,,,,,
532,64.07445556991087,111.45078697975063,1,1,primary,0,matched,0,1,0.041499672932448266,1084,1,-1,,,,,
253,13.148904425675395,-533.65059311998,1,1,primary,0,matched,0,1,0.0425674445977014,823,1,-1,,,,,
322,-252.89000561751286,-112.62192950124927,1,1,primary,0,matched,0,1,0.04589231092281218,46,1,-1,,,,,
639,47.94936584429122,-167.99870725317365,1,1,primary,0,matched,0,1,0.04611968953793763,1027,1,-1,,,,,
33,12.27056724802256,-390.07377465065235,1,1,primary,0,matched,0,1,0.04833934588847538,883,1,-1,,,,,
163,13.757934580110899,-462.1555629355819,1,1,primary,0,matched,0,1,0.04899383953181199,269,1,-1,,,,,
164,15.515613172130253,-462.20847382855453,1,1,primary,0,matched,0,1,0.04931739715286758,268,1,-1,,,,,
286,29.665883245335685,-393.1759302226113,1,1,primary,0,matched,0,1,0.050062506116747583,878,1,-1,,,,,
168,24.253163250351925,-462.47133715470727,1,1,primary,0,matched,0,1,0.050392831708757836,261,1,-1,,,,,
169,27.81173334769848,-460.57747934316984,1,1,primary,0,matched,0,1,0.050739657475600185,262,1,-1,,,,,
165,18.21866876366841,-430.2753026343869,1,1,primary,0,matched,0,1,0.05103045812848143,267,1,-1,,,,,
167,20.754743524650046,-462.3660892577615,1,1,primary,0,matched,0,1,0.05122890468103683,261,1,-1,,,,,
352,14.195473913356114,-336.45802918050714,1,1,primary,0,matched,0,1,0.05218068475350507,175,1,-1,,,,,
74,23.64887785658493,-533.659999688033,1,1,primary,0,matched,0,1,0.053161820599056595,814,1,-1,,,,,
189,30.853248426517936,-523.2961727198851,1,1,primary,0,matched,0,1,0.05379579674299354,815,1,-1,,,,,
436,37.19946578742437,85.8551096497143,1,1,primary,0,matched,0,1,0.05400557637248526,419,1,-1,,,,,
397,31.72424563422625,-189.32578608022328,1,1,primary,0,matched,0,1,0.05513722741957767,138,1,-1,,,,,
300,48.569366521156645,-166.79720705871466,1,1,primary,0,matched,0,1,0.05573355967662169,1012,1,-1,,,,,
206,24.544262534708352,-529.222612382223,1,1,primary,0,matched,0,1,0.056059711734423326,817,1,-1,,,,,
580,-176.96332915023973,-151.1543523224475,1,1,primary,0,matched,0,1,0.05679083652875044,850,0,-1,,,,,
803,70.39477307770505,17.7977872295214,1,1,primary,0,matched,0,1,0.05725373135840548,929,1,-1,,,,,
306,-177.3788649274442,-222.2514664368508,1,1,primary,0,matched,0,1,0.05852040060170725,66,1,-1,,,,,
617,39.73510436542543,112.1299270544948,1,1,primary,0,matched,0,1,0.060210387624980224,1045,1,-1,,,,,
146,15.705828055235513,-528.8049993005479,1,1,primary,0,matched,0,1,0.06147088367175857,828,1,-1,,,,,
551,9.776656938642976,-570.2719572518753,1,1,primary,0,matched,0,1,0.06203549165899331,355,1,-1,,,,,
563,-149.5171687361091,-184.51770189157673,1,1,primary,0,matched,0,1,0.06409071985563161,986,1,-1,,,,,
252,11.508219043399784,-394.2797920044374,1,1,primary,0,matched,0,1,0.0656384702133033,864,1,-1,,,,,
305,-180.87373249327598,-222.4415855058773,1,1,primary,0,matched,0,1,0.06578517580295465,73,1,-1,,,,,
552,13.276657644242556,-570.2733532691432,1,1,primary,0,matched,0,1,0.0658553246147542,354,1,-1,,,,,
236,21.14822800836324,-537.1126598512957,1,1,primary,0,matched,0,1,0.06607967735890363,354,1,-1,,,,,
15,21.716955319669125,-230.02748418970944,1,1,primary,0,matched,0,1,0.06625897074771664,1096,1,-1,,,,,
411,62.278979925747414,26.691713439224586,1,1,primary,0,matched,0,1,0.06786067677205636,946,1,-1,,,,,
553,16.776658349842137,-570.2747492864111,1,1,primary,0,matched,0,1,0.06971710576148607,353,1,-1,,,,,
782,166.44602673719785,-165.07256675103903,1,1,primary,0,matched,0,1,0.06975706914213671,793,1,-1,,,,,
748,-145.22307762974447,-536.016514824968,1,1,primary,0,matched,0,1,0.07006267648349698,1066,0,-1,,,,,
801,36.82551147810495,-105.96884018667522,1,1,primary,0,matched,0,1,0.07028272182704669,1100,1,-1,,,,,
321,-255.90641150683217,-114.39716591541867,1,1,primary,0,matched,0,1,0.07037388419444573,47,1,-1,,,,,
302,-191.35821312046647,-223.0119426701103,1,1,primary,0,matched,0,1,0.0707268411184519,62,1,-1,,,,,
554,20.27665905544172,-570.2761453036788,1,1,primary,0,matched,0,1,0.07361423362601555,346,1,-1,,,,,
198,-11.15349838188684,-250.63689662260822,1,1,primary,0,matched,0,1,0.07367856044032185,628,1,-1,,,,,
325,-243.84091002521566,-107.29620504279939,1,1,primary,0,matched,0,1,0.07399363589871373,40,1,-1,,,,,
156,-175.7678650879626,-536.2309408427205,1,1,primary,0,matched,0,1,0.07625360751569214,444,1,-1,,,,,
425,-157.4224756654607,-153.29733495535945,1,1,primary,0,matched,0,1,0.07660775844899366,15,1,-1,,,,,
555,23.776659771752918,-570.2775718385229,1,1,primary,0,matched,0,1,0.07751262817996614,347,1,-1,,,,,
706,56.79205870978823,-403.0409670820864,1,1,primary,0,matched,0,1,0.07790110902746275,962,1,-1,,,,,
764,65.49179601153217,22.8182223635483,1,1,primary,0,matched,0,1,0.07827278113521276,932,1,-1,,,,,
85,-111.08675895991152,-539.2179426538491,1,1,primary,0,matched,0,1,0.07828124338893236,1071,1,-1,,,,,
721,-111.08675895991152,-539.2179426538491,0,1,supplemental,0,matched,0,1,0.07828124338893236,1071,1,485,1,high,0.7854177600519133,0.4240314884828643,0.020126279780882328
785,-111.08675895991152,-539.2179426538491,1,1,primary,0,matched,0,1,0.07828124338893236,1071,1,-1,,,,,
304,-184.36853902395532,-222.63170455348055,1,1,primary,0,matched,0,1,0.07858449904107445,74,1,-1,,,,,
715,-33.19561730382864,-389.56570058317453,1,1,primary,0,matched,0,1,0.07971337440138569,998,1,-1,,,,,
556,27.276660477352493,-570.2789678557908,1,1,primary,0,matched,0,1,0.08146527880138993,348,1,-1,,,,,
41,18.401943760198108,-392.0677011615375,1,1,primary,0,matched,0,1,0.08162743359875038,879,1,-1,,,,,
76,27.245876989276958,-161.83595270722682,1,1,primary,0,matched,0,1,0.0851588355762747,1022,1,-1,,,,,
400,43.32442214317199,-193.9826014885819,1,1,primary,0,matched,0,1,0.08551370676806452,131,1,-1,,,,,
162,10.259514854409014,-462.05031503863603,1,1,primary,0,matched,0,1,0.08669172250617256,296,1,-1,,,,,
718,-31.600885586236394,-381.75505124248014,1,1,primary,0,matched,0,1,0.08684731689720865,998,1,-1,,,,,
369,91.86048136003815,24.641610531831514,1,1,primary,0,matched,0,1,0.08716222031083078,894,1,-1,,,,,
18,34.11591977175508,-231.61354822570877,1,1,primary,0,matched,0,1,0.08780098294279319,1097,1,-1,,,,,
337,-33.01693626765253,-367.3964317888829,1,1,primary,0,matched,0,1,0.08797631769372542,110,1,-1,,,,,
204,113.5739171751168,-10.033906209963563,1,1,primary,0,matched,0,1,0.08820497513057184,213,1,-1,,,,,
433,89.19354373456409,18.399539413010647,0,1,supplemental,0,matched,0,1,0.08959000434823322,933,1,896,3,high,1.846859322803463,0.9015532453467507,17.798557172496672
426,-156.92810794918353,-157.07425746043356,1,1,primary,0,matched,0,1,0.09201278701080347,10,1,-1,,,,,
316,46.78371492128351,-78.26729934385979,1,1,primary,0,matched,0,1,0.09241081470677869,804,1,-1,,,,,
181,10.25839049878378,-529.7072409876637,1,1,primary,0,matched,0,1,0.09261204626243741,822,1,-1,,,,,
334,57.16801966012994,-79.82159218765462,1,1,primary,0,matched,0,1,0.09281617567140861,800,1,-1,,,,,
375,14.687869812070511,-393.2181900469673,1,1,primary,0,matched,0,1,0.09345625388357798,866,1,-1,,,,,
43,26.01022856893868,-387.56927233224013,1,1,primary,0,matched,0,1,0.09377267090543141,869,1,-1,,,,,
93,31.23679024977192,-288.7964203806783,1,1,primary,0,matched,0,1,0.09425795622017097,168,1,-1,,,,,
565,53.140321115674745,-149.41088174148095,1,1,primary,0,matched,0,1,0.09453874683111184,699,1,-1,,,,,
506,45.094287678873314,-166.5905830124726,1,1,primary,0,matched,0,1,0.09512461582076119,1027,1,-1,,,,,
422,11.192862506118352,-393.184077431259,1,1,primary,0,matched,0,1,0.09562685161839561,884,1,-1,,,,,
86,32.81614933294672,-383.34355556813426,1,1,primary,0,matched,0,1,0.09573196559435397,867,1,-1,,,,,
197,-7.66092556266869,-250.8646136203684,1,1,primary,0,matched,0,1,0.09692785559902363,627,0,-1,,,,,
96,13.810604083248222,-286.6894691868482,1,1,primary,0,matched,0,1,0.09772225729059517,981,1,-1,,,,,
476,68.0333046659722,87.75310890743923,1,1,primary,0,matched,0,1,0.09847290588642331,1081,1,-1,,,,,
44,32.82228738629081,-397.87483482639146,1,1,primary,0,matched,0,1,0.10109718551322276,862,1,-1,,,,,
40,18.37701215591182,-385.46346145879426,1,1,primary,0,matched,0,1,0.10159025457676822,881,1,-1,,,,,
353,17.695302819613268,-336.49163656377146,1,1,primary,0,matched,0,1,0.10163466781693381,174,1,-1,,,,,
355,30.1947353586529,-336.61163893917455,1,1,primary,0,matched,0,1,0.10297361482989756,167,1,-1,,,,,
356,30.36755587121837,-318.6124621804742,1,1,primary,0,matched,0,1,0.10301730238048963,168,1,-1,,,,,
802,16.238805019774006,-224.98310772008017,1,1,primary,0,matched,0,1,0.10316870821573935,1096,1,-1,,,,,
0,92.88973666062523,25.716633119866767,1,1,primary,0,matched,0,1,0.10403159081337916,888,1,-1,,,,,
370,41.53960679355658,-165.47976626966485,1,1,primary,0,matched,0,1,0.10527652251634881,1006,1,-1,,,,,
582,51.89095656337908,-125.83354095148891,1,1,primary,0,matched,0,1,0.10545333303041572,740,1,-1,,,,,
583,48.41184896353492,-125.45178174238376,1,1,primary,0,matched,0,1,0.10754906480680719,739,1,-1,,,,,
690,47.766654505026665,134.14278775468296,1,1,primary,0,matched,0,1,0.1085014762622066,688,1,-1,,,,,
84,-81.63142025538976,-527.9567486921484,1,1,primary,0,matched,0,1,0.10947884448252795,1060,1,-1,,,,,
714,-31.737812602529743,-399.2462960598098,1,1,primary,0,matched,0,1,0.10964304004257722,998,1,-1,,,,,
584,44.932741363690766,-125.0700225332786,1,1,primary,0,matched,0,1,0.10990668962237006,733,1,-1,,,,,
282,36.48091747056355,-138.34233807177964,1,1,primary,0,matched,0,1,0.11017641065621535,327,1,-1,,,,,
285,40.172579611275005,-136.72321002081569,1,1,primary,0,matched,0,1,0.11018893502753445,326,1,-1,,,,,
281,43.44174870757846,-139.08171235128373,1,1,primary,0,matched,0,1,0.11021426021707036,325,1,-1,,,,,
280,46.922164325416446,-139.45139758368722,1,1,primary,0,matched,0,1,0.11025424404367581,331,1,-1,,,,,
279,50.40257994325443,-139.82108281609075,1,1,primary,0,matched,0,1,0.11030683579475112,332,1,-1,,,,,
219,9.728429088550131,-537.4649653229261,1,1,primary,0,matched,0,1,0.11114209136690142,821,1,-1,,,,,
585,41.45360324627036,-124.68826333488506,1,1,primary,0,matched,0,1,0.1125390144840177,734,1,-1,,,,,
102,65.36829085256868,59.51050305102468,1,1,primary,0,matched,0,1,0.1130216229391616,952,1,-1,,,,,
63,71.622076569979,-538.5009800752797,1,1,primary,0,matched,0,1,0.114525630634302,953,1,-1,,,,,
586,37.974495646426206,-124.30650412577991,1,1,primary,0,matched,0,1,0.1153703493892519,735,1,-1,,,,,
351,10.695614489522715,-336.4244218079545,1,1,primary,0,matched,0,1,0.11555798626077213,201,1,-1,,,,,
599,44.97180586375475,-95.34049954407723,1,1,primary,0,matched,0,1,0.11560669594829234,1100,1,-1,,,,,
502,49.53810414639443,110.07132552828506,1,1,primary,0,matched,0,1,0.11649212634191841,1043,1,-1,,,,,
726,32.91355249131298,-289.50430508903946,1,1,primary,0,matched,0,1,0.11662420821785083,977,1,-1,,,,,
786,170.31334532164666,-159.53308490282163,1,1,primary,0,matched,0,1,0.11950584858683604,789,1,-1,,,,,
447,-138.257645047954,-160.1773845253525,1,1,primary,0,matched,0,1,0.12136962494003029,925,1,-1,,,,,
477,64.53898955903435,87.55403693729099,1,1,primary,0,matched,0,1,0.12330349603405297,1080,1,-1,,,,,
293,18.402441452128613,-255.93853076658434,1,1,primary,0,matched,0,1,0.12502066387282595,600,1,-1,,,,,
278,53.41084047688154,-140.1406140994381,1,1,primary,0,matched,0,1,0.12530627575482098,699,1,-1,,,,,
294,21.874155160768275,-256.3826285427909,1,1,primary,0,matched,0,1,0.12612396528903513,599,1,-1,,,,,
410,-57.72315360078982,-531.4374623685835,1,1,primary,0,matched,0,1,0.12748276170380654,766,1,-1,,,,,
354,26.694875940175308,-336.57804682541,1,1,primary,0,matched,0,1,0.1289693748221564,192,1,-1,,,,,
296,30.801405905553516,-257.52459861728073,1,1,primary,0,matched,0,1,0.12897137542898596,591,1,-1,,,,,
297,34.27311961419318,-257.9686963934872,1,1,primary,0,matched,0,1,0.13008259733658895,592,1,-1,,,,,
691,48.07668556524607,130.65653771774834,1,1,primary,0,matched,0,1,0.13109607820999106,688,1,-1,,,,,
298,37.74483332283283,-258.41279416969377,1,1,primary,0,matched,0,1,0.1311959245747316,593,1,-1,,,,,
402,49.44741570504288,-169.48501701140972,1,1,primary,0,matched,0,1,0.13151062190838722,138,1,-1,,,,,
335,53.70659492059917,-79.30349711261715,1,1,primary,0,matched,0,1,0.13261013223833368,806,1,-1,,,,,
564,-146.02404956696785,-184.7369672352564,1,1,primary,0,matched,0,1,0.13344660817543103,986,1,-1,,,,,
661,-137.7632866338795,-224.26768431466527,1,1,primary,0,matched,0,1,0.13386077487662912,243,1,-1,,,,,
1,89.77729713654666,27.317469468221127,1,1,primary,0,matched,0,1,0.13569757962794507,932,1,-1,,,,,
731,50.08366161869039,-45.71912673388665,1,1,primary,0,matched,0,1,0.13570845531632206,144,1,-1,,,,,
732,46.604797388219545,-45.335170173598875,1,1,primary,0,matched,0,1,0.13584778652600743,145,1,-1,,,,,
71,40.20049368559117,57.191396835630364,1,1,primary,0,matched,0,1,0.13734029412513993,943,1,-1,,,,,
437,40.69497881362552,86.03214834756675,1,1,primary,0,matched,0,1,0.13812096634789472,418,1,-1,,,,,
613,61.50387263487773,21.18932006720346,1,1,primary,0,matched,0,1,0.13832070369149815,929,1,-1,,,,,
729,60.42015276098921,-46.85992315111074,1,1,primary,0,matched,0,1,0.1392501605519227,149,1,-1,,,,,
277,42.02971575322572,-172.42575594023378,1,1,primary,0,matched,0,1,0.1399111642538996,1010,1,-1,,,,,
16,25.188669028308787,-230.471581965916,1,1,primary,0,matched,0,1,0.14025465256524086,1092,1,-1,,,,,
349,50.156257203304044,-14.924223257358197,1,1,primary,0,matched,0,1,0.14140489352510818,157,1,-1,,,,,
363,44.80078110228838,-61.68066827885482,1,1,primary,0,matched,0,1,0.1415542900493262,145,1,-1,,,,,
527,-151.3358293911278,-179.31241588373533,1,1,primary,0,matched,0,1,0.14188180651175436,985,1,-1,,,,,
362,48.27964533275923,-62.06462483914258,1,1,primary,0,matched,0,1,0.14194908487845753,144,1,-1,,,,,
310,24.369813643456993,-208.97427417888764,1,1,primary,0,matched,0,1,0.142332552076068,587,1,-1,,,,,
311,27.842409904829893,-209.41137167540595,1,1,primary,0,matched,0,1,0.14340135210542518,586,1,-1,,,,,
80,54.14889273452859,-108.44869125736288,1,1,primary,0,matched,0,1,0.14360914807374306,1103,1,-1,,,,,
19,37.587633480394736,-232.05764600191532,1,1,primary,0,matched,0,1,0.14417820780554205,1088,1,-1,,,,,
348,53.62690569292941,-15.376572598148712,1,1,primary,0,matched,0,1,0.14428228480300978,156,1,-1,,,,,
793,35.92869877735519,-101.03411895692503,1,1,primary,0,matched,0,1,0.1446369895689409,1100,1,-1,,,,,
360,58.708821958574646,-63.21565788958283,1,1,primary,0,matched,0,1,0.14492269212286907,639,1,-1,,,,,
20,41.0593471890344,-232.50174377812183,1,1,primary,0,matched,0,1,0.14528402816932628,1089,1,-1,,,,,
313,36.77197366588863,-210.5353365195023,1,1,primary,0,matched,0,1,0.14614973509018714,578,1,-1,,,,,
276,95.35867204367015,24.754181781777103,1,1,primary,0,matched,0,1,0.14638721809402946,888,1,-1,,,,,
174,48.87795453226074,45.62600622885644,1,1,primary,0,matched,0,1,0.146964455785868,943,1,-1,,,,,
314,40.24456992692679,-210.97243306234634,1,1,primary,0,matched,0,1,0.14722734247630026,579,1,-1,,,,,
784,166.93917797156072,-166.4270537733764,1,1,primary,0,matched,0,1,0.14757413879645678,796,1,-1,,,,,
315,43.71716618829969,-211.40953055886467,1,1,primary,0,matched,0,1,0.14830740221842087,580,1,-1,,,,,
500,55.37713579521241,-175.14131082413752,1,1,primary,0,matched,0,1,0.14938337329612383,1010,1,-1,,,,,
704,56.51681276880171,-405.53990417892817,1,1,primary,0,matched,0,1,0.1495942168262395,962,1,-1,,,,,
81,50.68421037758629,-107.95271494185243,1,1,primary,0,matched,0,1,0.1501153574563246,1102,1,-1,,,,,
751,-112.12693616765169,-537.433426052629,1,1,primary,0,matched,0,1,0.1518177157376496,1066,0,-1,,,,,
446,-138.01723244256732,-156.68565029814414,1,1,primary,0,matched,0,1,0.15512458768169735,924,1,-1,,,,,
461,91.7605232160487,23.20077945949348,1,1,primary,0,matched,0,1,0.15571291590768507,894,1,-1,,,,,
82,47.2195280259998,-107.4567538851301,1,1,primary,0,matched,0,1,0.1578093352882215,1106,1,-1,,,,,
542,59.25594147837685,-91.64768043252452,1,1,primary,0,matched,0,1,0.1598388593954001,123,1,-1,,,,,
242,30.410958461940957,-543.1234165866416,1,1,primary,0,matched,0,1,0.16013326387116017,815,1,-1,,,,,
241,45.46588300755759,58.90711227187907,1,1,primary,0,matched,0,1,0.16065332950095965,946,1,-1,,,,,
346,63.528329741487184,-16.66711890040617,1,1,primary,0,matched,0,1,0.16176377174886278,161,1,-1,,,,,
566,49.45451352509059,-149.10347105877412,1,1,primary,0,matched,0,1,0.16185008028362322,698,1,-1,,,,,
147,-28.62379789496981,-538.0130338593748,1,1,primary,0,matched,0,1,0.16217785709697521,772,1,-1,,,,,
42,18.2025936914878,-386.82468304156214,1,1,primary,0,matched,0,1,0.1634203057951646,874,1,-1,,,,,
629,54.67077308200613,-160.09181799160314,1,1,primary,0,matched,0,1,0.16492590517168118,1006,1,-1,,,,,
799,43.75487618663374,-106.96077755890802,1,1,primary,0,matched,0,1,0.1665536207062285,1107,1,-1,,,,,
323,-249.8736607660239,-110.84668547910903,1,1,primary,0,matched,0,1,0.1668414598141387,45,1,-1,,,,,
498,-126.56730720449329,-182.86716652940692,1,1,primary,0,matched,0,1,0.16744991038205118,728,1,-1,,,,,
173,51.245441495742654,47.46854264868346,1,1,primary,0,matched,0,1,0.16814037498401893,946,1,-1,,,,,
723,17.27264096616335,-287.0387789414123,1,1,primary,0,matched,0,1,0.17193806290574795,975,1,-1,,,,,
320,-258.92275635832107,-116.17240993755891,1,1,primary,0,matched,0,1,0.17399681987634613,48,1,-1,,,,,
518,-187.400281201735,-273.2231667802236,1,1,primary,0,matched,0,1,0.17458975205870192,913,1,-1,,,,,
344,43.31042895859357,104.98051626398701,1,1,primary,0,matched,0,1,0.1751860443412352,418,1,-1,,,,,
380,-58.33669963031798,-538.5082653160028,1,1,primary,0,matched,0,1,0.17728652304563533,773,1,-1,,,,,
95,27.7468873090115,-288.437118270209,1,1,primary,0,matched,0,1,0.17784582721371933,984,1,-1,,,,,
707,58.51004937069787,-408.5284625527282,1,1,primary,0,matched,0,1,0.17988017974796944,338,1,-1,,,,,
14,18.24524161102947,-229.58338641350292,0,1,supplemental,0,matched,0,1,0.18203130512500568,1096,1,1098,3,high,1.7604178623540845,0.8894021882760319,11.558924464826312
283,33.000501852725556,-137.97265283937614,1,1,primary,0,matched,0,1,0.18750357971946616,694,1,-1,,,,,
543,55.77637987717508,-91.36358526818373,1,1,primary,0,matched,0,1,0.18792200236043222,122,1,-1,,,,,
361,55.229927210527556,-62.83170134000669,1,1,primary,0,matched,0,1,0.18855017404891922,638,1,-1,,,,,
324,-246.8572548767046,-109.07144906493961,1,1,primary,0,matched,0,1,0.1907431896450529,39,1,-1,,,,,
791,54.2166840653399,25.58703110149186,1,1,primary,0,matched,0,1,0.1914306380261135,943,1,-1,,,,,
544,52.287998442037505,-91.07876840706533,1,1,primary,0,matched,0,1,0.1974703519729685,121,1,-1,,,,,
559,42.75001149814196,-79.88572729080056,1,1,primary,0,matched,0,1,0.20068040815832086,115,1,-1,,,,,
794,57.476252018775504,25.107431766778642,1,1,primary,0,matched,0,1,0.20106524494383496,928,1,-1,,,,,
39,7.698953773997108,-393.149796583263,1,1,primary,0,matched,0,1,0.20115703949018637,884,1,-1,,,,,
724,66.59491669476161,-44.65604975066939,1,1,primary,0,matched,0,1,0.20176596440528874,1029,1,-1,,,,,
568,38.990827652432955,-148.23075519187847,1,1,primary,0,matched,0,1,0.20346134920978906,693,1,-1,,,,,
381,-176.80050439185405,-271.78553963212494,1,1,primary,0,matched,0,1,0.2063053016693133,899,1,-1,,,,,
545,48.79958649200158,-90.79395918605262,1,1,primary,0,matched,0,1,0.20750271120759595,115,1,-1,,,,,
473,-178.95220686140556,-278.48185955869326,1,1,primary,0,matched,0,1,0.20816675791797612,914,1,-1,,,,,
103,61.86898696303268,59.439450577942246,1,1,primary,0,matched,0,1,0.21116130254903961,952,1,-1,,,,,
546,45.311205056864,-90.50914232493422,1,1,primary,0,matched,0,1,0.21794597468120064,116,1,-1,,,,,
569,35.502932362886035,-147.93985371761028,1,1,primary,0,matched,0,1,0.21856095023142325,694,1,-1,,,,,
424,-157.86812874670812,-149.8926297189389,1,1,primary,0,matched,0,1,0.21871361816142343,16,1,-1,,,,,
727,66.19540004043756,-52.10194544391265,1,1,primary,0,matched,0,1,0.2192590855768939,1029,1,-1,,,,,
592,-181.9965859049732,-273.94277434774494,1,1,primary,0,matched,0,1,0.21941816323423635,913,1,-1,,,,,
780,164.54950684866725,-164.710885754976,1,1,primary,0,matched,0,1,0.21987871053393565,797,1,-1,,,,,
409,169.01476114152015,-152.66409447983946,1,1,primary,0,matched,0,1,0.22384746273162856,679,1,-1,,,,,
728,63.775782230488076,-47.23028160833901,1,1,primary,0,matched,0,1,0.22483541990683706,150,1,-1,,,,,
612,40.19408459901621,-74.87704158890585,1,1,primary,0,matched,0,1,0.22519744071371697,805,1,-1,,,,,
37,3.7538280874942433,-398.72553773850876,1,1,primary,0,matched,0,1,0.22778548823725486,873,1,-1,,,,,
596,55.448583431512795,-96.03833745298603,1,1,primary,0,matched,0,1,0.22781576615586413,1103,1,-1,,,,,
547,41.82279310682807,-90.22433310392151,1,1,primary,0,matched,0,1,0.22875537470117593,117,1,-1,,,,,
359,62.1104126813834,-63.591081391556,1,1,primary,0,matched,0,1,0.22904203115984403,150,1,-1,,,,,
336,30.208231492399022,-165.52471723000582,1,1,primary,0,matched,0,1,0.2299701900103335,1007,1,-1,,,,,
503,49.682489562533995,106.57430567941437,1,1,primary,0,matched,0,1,0.2307674929156719,1042,1,-1,,,,,
645,165.37964101245788,-131.48348814542192,1,1,primary,0,matched,0,1,0.23318955673990263,391,1,-1,,,,,
408,165.5156431183617,-152.74301279392932,1,1,primary,0,matched,0,1,0.2339358762519185,680,1,-1,,,,,
646,168.87957330259871,-131.46385757408012,1,1,primary,0,matched,0,1,0.2339394354152254,390,1,-1,,,,,
427,-156.47382585333372,-160.54465257374187,1,1,primary,0,matched,0,1,0.23445064235860524,11,1,-1,,,,,
597,51.95634458641831,-95.80572226641065,1,1,primary,0,matched,0,1,0.23599682769126407,1102,1,-1,,,,,
97,-151.8041440026495,-184.37850998631268,1,1,primary,0,matched,0,1,0.24194835354523248,129,0,-1,,,,,
598,48.464075226425486,-95.57311471994097,0,1,supplemental,0,matched,0,1,0.2444135711126231,1106,1,746,1,high,1.4909955172716787,0.7775519883553245,0.38300286867418265
621,90.05252668577691,-168.9802708782023,1,1,primary,0,matched,0,1,0.24486707017569173,645,1,-1,,,,,
388,52.689660236795305,-538.033199024175,1,1,primary,0,matched,0,1,0.24524230169338515,818,1,-1,,,,,
89,-115.76278200245261,-537.4865515970914,0,1,supplemental,0,matched,0,1,0.24556811654036367,1071,1,484,1,high,0.8485886915841387,0.4251866897433948,0.02055090313621455
770,-117.7625887691421,-537.5157569457714,1,1,primary,0,matched,0,1,0.24556811654036367,1071,1,-1,,,,,
659,31.83864193785395,-168.4187870130949,1,1,primary,0,matched,0,1,0.24965101829514802,1027,1,-1,,,,,
772,-113.73664787944202,-539.2566535246397,1,1,primary,0,matched,0,1,0.25731652054067045,1067,1,-1,,,,,
688,-216.95916077384913,-117.30403552897955,0,1,supplemental,0,matched,0,1,0.2625363791628688,380,1,382,3,high,1.4984029562581953,0.5429187732293534,3.8772893027246553
148,-28.67495302616824,-534.5133872925238,1,1,primary,0,matched,0,1,0.26334284289407167,518,1,-1,,,,,
109,61.36567835876094,20.87194976434429,1,1,primary,0,matched,0,1,0.26649941845781727,945,1,-1,,,,,
191,65.21978789555962,66.82646089887594,1,1,primary,0,matched,0,1,0.2676759506669189,760,1,-1,,,,,
689,-214.2382536582202,-115.10248831839074,1,1,primary,0,matched,0,1,0.267751578823567,379,1,-1,,,,,
520,-180.69571709467135,-275.23534760969375,1,1,primary,0,matched,0,1,0.2679072197600277,913,1,-1,,,,,
190,68.71906127823101,66.89748284367049,1,1,primary,0,matched,0,1,0.2680582154480256,761,1,-1,,,,,
290,94.21199753846005,49.901119717133845,1,1,primary,0,matched,0,1,0.2683000988238215,892,1,-1,,,,,
194,65.62469614434168,46.391527909681095,1,1,primary,0,matched,0,1,0.26847146972650543,951,1,-1,,,,,
77,57.82155361353744,23.55616126995434,1,1,primary,0,matched,0,1,0.2695023275198412,944,1,-1,,,,,
87,-117.83857165379457,-532.3158321234499,1,1,primary,0,matched,0,1,0.2721977651493907,1071,1,-1,,,,,
512,-189.62940161688127,-291.6717576462958,1,1,primary,0,matched,0,1,0.27590355228949837,92,1,-1,,,,,
343,41.12956684828923,107.71800168599547,1,1,primary,0,matched,0,1,0.2780468268186811,419,1,-1,,,,,
625,148.38529799772823,-171.94793264496192,1,1,primary,0,matched,0,1,0.28255522514703274,785,1,-1,,,,,
658,-138.2814895521642,-156.40947502957496,1,1,primary,0,matched,0,1,0.2878512294763141,15,1,-1,,,,,
101,68.86756423524007,59.58152499581924,1,1,primary,0,matched,0,1,0.28968430725881017,949,1,-1,,,,,
513,-186.3157734440631,-292.7986769130226,1,1,primary,0,matched,0,1,0.29139187496203284,93,1,-1,,,,,
508,-202.88391430815386,-287.16408057938867,1,1,primary,0,matched,0,1,0.2943560598956134,101,1,-1,,,,,
390,52.86252749498169,-531.0353351826066,1,1,primary,0,matched,0,1,0.295720630591526,821,1,-1,,,,,
511,-192.9430297896994,-290.544838379569,1,1,primary,0,matched,0,1,0.2975360556550796,98,1,-1,,,,,
771,-145.7844060162166,-536.2245365701611,1,1,primary,0,matched,0,1,0.29909882181578884,1057,1,-1,,,,,
595,58.83318425189258,-96.2637730126636,1,1,primary,0,matched,0,1,0.3047676518338822,1104,1,-1,,,,,
155,-175.74228752771918,-537.980748867358,1,1,primary,0,matched,0,1,0.30903570467150204,461,1,-1,,,,,
139,46.86138510401916,-395.0165744303995,0,1,supplemental,0,matched,0,1,0.3183272146781382,861,1,541,3,medium,1.8798363180556101,0.34243984551417883,4.469256081196477
636,3.5329719507294914,-165.71157807786048,1,1,primary,0,matched,0,1,0.319275943551795,613,1,-1,,,,,
725,10.350306849463841,-286.3405784383951,1,1,primary,0,matched,0,1,0.3234565593514958,981,1,-1,,,,,
3,-133.74170147203097,-162.4753410514684,1,1,primary,0,matched,0,1,0.3270928164107697,921,1,-1,,,,,
371,120.68750082237999,-539.7810605163711,1,1,primary,0,matched,0,1,0.3292970594225127,440,1,-1,,,,,
135,-57.67199848030302,-534.9370784178583,1,1,primary,0,matched,0,1,0.3308992261001813,773,1,-1,,,,,
345,66.71737963688497,-17.08276288036399,1,1,primary,0,matched,0,1,0.33345253219096227,1029,1,-1,,,,,
372,120.78606530585844,-536.2824600310565,1,1,primary,0,matched,0,1,0.3340823337660526,439,1,-1,,,,,
722,160.55865592860675,-159.3902914278949,1,1,primary,0,matched,0,1,0.3343346614450372,657,1,-1,,,,,
373,120.88462977862527,-532.7838290281658,1,1,primary,0,matched,0,1,0.33621295420306674,433,1,-1,,,,,
4,-137.52159050892428,-149.486066400277,1,1,primary,0,matched,0,1,0.3367666208850329,16,1,-1,,,,,
220,-16.001833861026327,-396.85701406484566,1,1,primary,0,matched,0,1,0.33678473836856254,1002,1,-1,,,,,
374,120.98319426210372,-529.2852285428512,1,1,primary,0,matched,0,1,0.3368438093751185,434,1,-1,,,,,
509,-199.5702861353357,-288.2909998461154,1,1,primary,0,matched,0,1,0.33738432208534713,100,1,-1,,,,,
193,69.12409380926759,46.45624801782752,1,1,primary,0,matched,0,1,0.3399199207705703,948,1,-1,,,,,
149,-28.72610814665505,-531.013771243249,1,1,primary,0,matched,0,1,0.34317529534122937,773,1,-1,,,,,
134,-57.62084334910458,-538.4367249847094,1,1,primary,0,matched,0,1,0.34503816326677583,765,1,-1,,,,,
805,22.107925341212727,-229.53232129460218,1,1,primary,0,matched,0,1,0.3471726532705445,1093,1,-1,,,,,
510,-196.25665796251755,-289.41791911284224,1,1,primary,0,matched,0,1,0.34950573048701206,99,1,-1,,,,,
742,12.778120893796567,-284.5673949326059,1,1,primary,0,matched,0,1,0.3496762666316331,984,1,-1,,,,,
711,57.18036607849377,-403.74131605946724,1,1,primary,0,matched,0,1,0.35352062214558455,967,1,-1,,,,,
79,57.144160602665366,-108.87745714934736,1,1,primary,0,matched,0,1,0.36953441217926203,1104,1,-1,,,,,
5,-137.75848091834774,-152.9269647323071,1,1,primary,0,matched,0,1,0.3774220229616247,15,1,-1,,,,,
638,3.4689586348913126,-172.70298739067445,1,1,primary,0,matched,0,1,0.38748338423033385,396,1,-1,,,,,
637,3.500994354275787,-169.20313424053504,1,1,primary,0,matched,0,1,0.39714913032760213,395,1,-1,,,,,
150,-40.62251640337842,-538.1883269437603,1,1,primary,0,matched,0,1,0.4048741898500356,507,1,-1,,,,,
519,-184.0479991468642,-274.2292610096557,1,1,primary,0,matched,0,1,0.40600415034522086,913,1,-1,,,,,
342,38.94870473798489,110.45548710800395,1,1,primary,0,matched,0,1,0.4105022784549581,1046,1,-1,,,,,
152,-69.77373586004366,-538.614330484842,1,1,primary,0,matched,0,1,0.41433416225623565,1058,1,-1,,,,,
153,-69.82489099124209,-535.1146839179909,1,1,primary,0,matched,0,1,0.41440374738186064,1057,1,-1,,,,,
154,-69.8760461117289,-531.6150678687161,1,1,primary,0,matched,0,1,0.41600382603939196,490,1,-1,,,,,
710,59.22600023479461,-400.9013339542578,1,1,primary,0,matched,0,1,0.4173375190271783,963,1,-1,,,,,
29,129.1487712743801,-172.5157846755378,1,1,primary,0,matched,0,1,0.4182389590249972,784,1,-1,,,,,
205,113.49079473518108,-13.532928521265758,1,1,primary,0,matched,0,1,0.4188608657730553,213,1,-1,,,,,
94,24.25722848208199,-288.0777397801061,1,1,primary,0,matched,0,1,0.42011439706997855,984,1,-1,,,,,
647,-143.23832143793513,-162.02115097565596,0,1,supplemental,0,matched,0,1,0.4252347257333429,11,1,927,3,high,1.0853351537952345,0.3533785255439387,9.639657341133692
64,71.70852545786032,-535.0020481491396,1,1,primary,0,matched,0,1,0.43006788763716053,958,1,-1,,,,,
720,164.49897739974952,-168.2105222365809,1,1,primary,0,matched,0,1,0.432724945839633,797,1,-1,,,,,
61,71.79494382816539,-531.5031162337111,1,1,primary,0,matched,0,1,0.43645898633388946,956,1,-1,,,,,
75,25.156378246113206,-174.3829439098131,1,1,primary,0,matched,0,1,0.4382273289849892,396,1,-1,,,,,
62,71.8813927160467,-528.0041843075711,1,1,primary,0,matched,0,1,0.44278109237593133,957,1,-1,,,,,
157,-183.81187016307496,-533.2798456365584,1,1,primary,0,matched,0,1,0.44906140716940535,456,1,-1,,,,,
158,-167.71122790173703,-540.0453129182101,1,1,primary,0,matched,0,1,0.4491574557118113,462,1,-1,,,,,
216,2.753336232106248,-543.0443487272806,1,1,primary,0,matched,0,1,0.45178735405743764,530,1,-1,,,,,
389,52.77610912467662,-534.534267098035,1,1,primary,0,matched,0,1,0.4572073269813836,428,1,-1,,,,,
391,52.94897638286301,-527.5364032564665,1,1,primary,0,matched,0,1,0.46586072739354967,423,1,-1,,,,,
221,-15.979282989706114,-394.1571005877043,1,1,primary,0,matched,0,1,0.4744468183749569,226,1,-1,,,,,
222,-15.920826799694748,-387.15735429669627,1,1,primary,0,matched,0,1,0.47721181203410373,221,1,-1,,,,,
223,-15.897983038840373,-384.4224370524856,1,1,primary,0,matched,0,1,0.478323817946139,222,1,-1,,,,,
17,30.64420606311542,-231.16945044950222,1,1,primary,0,matched,0,1,0.49011772105390095,1097,1,-1,,,,,
104,49.19870616117363,16.552554399161934,0,1,supplemental,0,matched,0,1,0.5028718019338092,563,1,940,3,high,2.328227397828841,1.1198960403982698,15.712177759172612
488,-195.2576911721855,-274.99736342622595,1,1,primary,0,matched,0,1,0.5030840090954579,904,1,-1,,,,,
421,-11.71045372763332,-76.02409765327641,1,1,primary,0,matched,0,1,0.5031905911504837,606,1,-1,,,,,
420,-11.726925443633682,-79.52405787405198,1,1,primary,0,matched,0,1,0.5037672946301315,605,1,-1,,,,,
781,164.59089006680324,-161.8456290486398,1,1,primary,0,matched,0,1,0.5136682086624329,797,1,-1,,,,,
487,-197.45712736099154,-270.20489935071544,1,1,primary,0,matched,0,1,0.5153772950724803,905,1,-1,,,,,
600,41.479536503761935,-95.10789199760755,0,1,supplemental,0,matched,0,1,0.5195021711879549,748,1,748,1,high,1.4803746054814546,0.7731216914240724,0.3811173486745645
406,-27.091313741600977,-171.83844500700204,1,1,primary,0,matched,0,1,0.5336793773224626,609,1,-1,,,,,
405,-26.99299340542725,-168.3398255338953,1,1,primary,0,matched,0,1,0.5351302713432722,608,1,-1,,,,,
486,-200.8094094131844,-269.1988127506774,1,1,primary,0,matched,0,1,0.5394455366990035,905,1,-1,,,,,
31,138.160485500724,-173.80549122586518,1,1,primary,0,matched,0,1,0.5420709124695939,784,1,-1,,,,,
404,-26.909080936581105,-165.35270673964484,1,1,primary,0,matched,0,1,0.5460993192315411,613,1,-1,,,,,
136,80.58692885587897,-413.2358780785973,1,1,primary,0,matched,0,1,0.5575383756259612,547,1,-1,,,,,
137,81.13002679420775,-409.7782592606024,1,1,primary,0,matched,0,1,0.5578815734413538,543,1,-1,,,,,
113,-12.49780055355588,16.814041131923286,1,1,primary,0,matched,0,1,0.5762803638767485,563,1,-1,,,,,
114,-12.506963612313037,20.31402287251418,1,1,primary,0,matched,0,1,0.5794431398499154,562,1,-1,,,,,
116,-12.525228700030672,27.314001633907328,1,1,primary,0,matched,0,1,0.6058458318842279,557,1,-1,,,,,
115,-12.516065635917704,23.814004634528313,1,1,primary,0,matched,0,1,0.6104278345249766,561,1,-1,,,,,
6,57.432681624971835,105.24597121485739,1,1,primary,0,matched,0,1,0.6283145654792202,411,1,-1,,,,,
468,78.37979697475141,-51.1711244936777,1,1,primary,0,matched,0,1,0.6328576270507177,205,1,-1,,,,,
467,78.5863953384387,-47.6772163135459,1,1,primary,0,matched,0,1,0.63296019557039,209,1,-1,,,,,
403,-26.839876975792826,-162.8900091102097,1,1,primary,0,matched,0,1,0.6331657583544548,614,1,-1,,,,,
430,132.61549364572602,-195.34335802514303,1,1,primary,0,matched,0,1,0.6716295040941621,553,1,-1,,,,,
431,136.11523477828365,-195.30078688380294,1,1,primary,0,matched,0,1,0.6718603069640962,551,1,-1,,,,,
496,-84.81106575929084,-161.6904242728375,1,1,primary,0,matched,0,1,0.7330645835205813,0,1,-1,,,,,
497,-85.27218931163235,-165.1599123594593,1,1,primary,0,matched,0,1,0.7331013205950357,1,1,-1,,,,,
495,-84.33697580116626,-158.1238323248476,1,1,primary,0,matched,0,1,0.743332886313258,5,1,-1,,,,,
494,-83.90318483329531,-154.86004995054682,1,1,primary,0,matched,0,1,0.747288889460117,6,1,-1,,,,,
581,54.608529658358286,-126.13173566570579,1,1,primary,0,matched,0,1,0.7910901758712066,741,1,-1,,,,,
677,-161.53688810793136,-275.79784442321164,1,1,primary,0,matched,0,1,0.8172675826171742,713,1,-1,,,,,
676,-161.83534672196126,-279.28510149612237,1,1,primary,0,matched,0,1,0.8175165072257997,717,1,-1,,,,,
140,48.91581057171883,-392.18299793125493,1,1,primary,0,matched,0,1,0.8209602869719018,863,1,-1,,,,,
483,129.0669380810407,-165.34195431436953,1,1,primary,0,matched,0,1,0.8411540123279925,781,1,-1,,,,,
30,129.10686278702738,-168.84172689340176,1,1,primary,0,matched,0,1,0.8424587359614112,780,1,-1,,,,,
484,129.02543922700355,-161.70466244296378,1,1,primary,0,matched,0,1,0.8490151088372733,782,1,-1,,,,,
627,148.1875750114628,-164.8196179698292,0,1,supplemental,0,matched,0,1,0.8606670474691913,781,1,656,1,medium,3.3980066316262967,1.2516838984006418,0.23250748242017494
626,148.284628234562,-168.31827186396373,0,1,supplemental,0,matched,0,1,0.861111269207388,780,1,655,1,medium,3.411111278545261,1.265412107650302,0.23242219829006672
719,164.44713702847946,-171.800903202462,1,1,primary,0,matched,0,1,0.9128945837023185,661,1,-1,,,,,
623,90.0306127835399,-161.9312249435868,1,1,primary,0,matched,0,1,0.957228897665599,647,1,-1,,,,,
622,90.04165464141107,-165.4802859227651,1,1,primary,0,matched,0,1,0.9656277337391935,646,1,-1,,,,,
620,90.06412255672493,-172.7166027926228,1,1,primary,0,matched,0,1,0.9669058810016545,651,1,-1,,,,,
634,242.25133701278884,-163.44270288483435,1,1,primary,0,matched,0,1,0.9785286686611563,667,1,-1,,,,,
631,241.93765038838833,-173.88631224310348,1,1,primary,0,matched,0,1,0.9981914905034202,671,1,-1,,,,,
632,242.0395781657772,-170.49277688318875,1,1,primary,0,matched,0,1,0.9987214557641687,665,1,-1,,,,,
633,242.14467347350288,-166.99435339634792,1,1,primary,0,matched,0,1,0.9989358691793935,666,1,-1,,,,,
499,-130.01503281485586,-183.47005746822398,1,1,primary,0,matched,0,1,1.0894974634244263,993,1,-1,,,,,
744,6.050047071958541,-291.1309293652044,1,1,primary,0,matched,0,1,1.275214321919311,1047,1,-1,,,,,
640,-249.85989949402082,-36.67639562349741,1,1,primary,0,matched,0,1,1.2818912292362474,379,1,-1,,,,,
186,-136.2880897647453,-168.73134881665854,1,1,primary,0,matched,0,1,1.3553251484811706,359,1,-1,,,,,
195,62.12529848477158,46.326792542746546,1,1,primary,0,matched,0,1,1.3862112125066195,947,1,-1,,,,,
601,37.98729765866745,-94.8752768110322,0,1,supplemental,0,matched,0,1,1.649842799499323,1100,1,750,3,medium,2.28625421070617,1.3231437251649294,0.38210007395313994
232,-26.315258451693765,-97.39417731970244,1,1,primary,0,matched,0,1,1.7081779905968626,568,1,-1,,,,,
641,-253.32224432871303,-37.18862777814165,1,1,primary,0,matched,0,1,1.803036525528883,380,1,-1,,,,,
358,23.022226515996863,-354.5436009420579,1,1,primary,0,matched,0,1,1.9039948608248092,198,1,-1,,,,,
269,-190.47270890931037,-304.93160646453833,1,1,primary,0,matched,0,1,1.9241397528083264,93,1,-1,,,,,
312,33.29937740451573,-210.09823902298396,1,1,primary,0,matched,0,1,1.9334425726807662,585,1,-1,,,,,
295,27.329692195574907,-257.08049702637715,1,1,primary,0,matched,0,1,1.9482730098281404,598,1,-1,,,,,
398,36.828328180854065,-191.37478451486447,1,1,primary,0,matched,0,1,1.957517146757261,137,1,-1,,,,,
319,-261.9391622449625,-117.94765398112239,1,1,primary,0,matched,0,1,2.460854246353988,48,1,-1,,,,,
703,53.09139448880455,-404.2270957941693,0,1,supplemental,0,matched,0,1,2.7209349848317546,539,1,960,2,high,0.8566862440929508,0.4794024733489636,2.713071634870545
507,-206.1974814431416,-286.0371689206327,0,1,supplemental,0,matched,0,1,2.8240903958892036,101,1,103,3,high,0.8626071500391365,0.43788303731108214,1.4289857418870042
301,-193.6678875374007,-210.02177241355307,0,1,supplemental,0,matched,0,1,2.916264566068335,858,1,65,2,high,0.8694432504501753,0.33601479310255045,1.8263429132827014
175,46.51043705120258,43.7834697983178,1,1,primary,0,matched,0,1,3.0112335540615875,943,1,-1,,,,,
395,25.228151671573592,-186.71796815283162,1,1,primary,0,matched,0,1,3.208472211277233,139,1,-1,,,,,
435,33.703952750511604,85.67810146943809,1,1,primary,0,matched,0,1,3.3598611407580368,419,1,-1,,,,,
445,49.717860057000074,-433.00857036847634,1,1,primary,0,matched,0,1,3.439124926415637,338,1,-1,,,,,
357,6.117901523625185,-344.38083253464754,0,1,supplemental,0,matched,0,1,3.502866483147473,188,1,189,3,high,0.3662127093336341,0.06769505402068027,0.8395946402513488
210,-146.54057616459846,-568.5522881068961,0,1,supplemental,0,matched,0,1,3.52554287933125,301,1,302,4,high,0.054533436079426435,0.030724746712055502,0.019208844359624777
178,-58.634991449538106,-556.7297151325254,1,1,primary,0,matched,0,1,3.53507787841325,765,1,-1,,,,,
274,72.33094326668521,-559.8149110439592,1,1,primary,0,matched,0,1,3.5456659936832775,37,1,-1,,,,,
460,-83.44851952546844,-500.94246173124594,1,1,primary,0,matched,0,1,3.5465593634044916,1061,0,-1,,,,,
292,14.930727743488957,-255.49443299037785,0,1,supplemental,0,matched,0,1,3.550512386525464,600,1,603,2,high,0.5629264395945367,0.33432072562566456,0.02042656197934889
309,20.89721738241883,-208.53717763604357,0,1,supplemental,0,matched,0,1,3.5720506240178813,587,1,590,2,high,0.5676533266189131,0.3182381764532004,0.02035634368657213
716,-36.69550535463733,-389.5374795735408,1,1,primary,0,matched,0,1,3.578230449432643,998,1,-1,,,,,
338,-36.516824318461225,-367.3682107792492,1,1,primary,0,matched,0,1,3.587405035656842,110,1,-1,,,,,
587,34.49538804658205,-123.92474491667475,0,1,supplemental,0,matched,0,1,3.5996519116916503,735,1,737,3,medium,3.5074801915715916,1.0441806239502212,0.0710137583462398
284,32.578008805639655,-141.95027559141406,0,1,supplemental,0,matched,0,1,3.6115064251536513,314,1,316,3,high,1.6425851725149025,1.0401463203835457,0.02017393506669407
570,32.015067589576404,-147.64894841793344,0,1,supplemental,0,matched,0,1,3.621350063212769,694,1,696,3,high,2.027726252183565,1.063498372948672,0.23321730296711962
350,46.68560870832286,-14.471858657779562,1,1,primary,0,matched,0,1,3.6312225416103714,157,1,-1,,,,,
364,41.321916871817535,-61.296711718567046,0,1,supplemental,0,matched,0,1,3.634238315934784,145,1,148,2,high,0.4334888151114959,0.2527822725502048,0.020328349166994997
733,43.12593315774869,-44.95121361331111,1,1,primary,0,matched,0,1,3.6347705395000895,145,1,-1,,,,,
548,38.334411671690496,-89.93951624280311,1,1,primary,0,matched,0,1,3.644295375778795,117,1,-1,,,,,
187,-141.28509842195675,-168.56010241230175,1,1,primary,0,matched,0,1,3.6448322605813637,997,1,-1,,,,,
687,-219.68000685164765,-119.50559034753917,1,1,primary,0,matched,0,1,3.646289966398693,380,1,-1,,,,,
407,162.01652509520326,-152.8219311080192,0,1,supplemental,0,matched,0,1,3.6765187408564572,680,1,683,2,high,0.3635775118664198,0.21181762643701632,0.1339262286557954
644,161.87967820741872,-131.50312635686942,1,1,primary,0,matched,0,1,3.6795371260030056,391,1,-1,,,,,
291,90.71362160169076,49.794667176955684,1,1,primary,0,matched,0,1,3.753792421755532,892,1,-1,,,,,
231,-26.655588535351924,-100.87758861556095,1,1,primary,0,matched,0,1,5.207885897230476,568,1,-1,,,,,
428,122.11627024822042,-195.47107192600043,1,1,primary,0,matched,0,1,7.83785975480319,651,1,-1,,,,,
